Time,Altitude,Pressure,Velocity,Temperature,Events,Voltages
0.00,-1.801362E-05,987.10,0,84.74, -,9.140412
0.05,8.365668,986.80,7.952381,84.74, -,9.140412
0.10,19.52255,986.40,18.57143,84.74, -,9.140412
0.15,27.89475,986.10,26.52381,84.74, -,9.140412
0.20,39.05805,985.70,37.14286,84.74, -,9.140412
0.25,58.60478,985.00,55.76191,84.74, -,9.140412
0.30,66.98491,984.70,63.76191,84.74, -,9.140412
0.35,78.16277,984.30,74.42857,84.74, -,9.140412
0.40,83.75307,984.10,79.7619,84.74, -,9.140412
0.45,100.5278,983.50,95.71429,84.74, -,9.140412
0.50,114.5137,983.00,109.0476,84.74, -,9.140412
0.55,128.5053,982.50,122.381,84.74, -,9.140412
0.60,142.5026,982.00,135.7143,84.74, -,9.140412
0.65,164.9101,981.20,157.0476,84.74, -,9.140412
0.70,181.7267,980.60,173.0476,84.74, -,9.140412
0.75,195.746,980.10,186.381,84.74, -,9.140412
0.80,206.9647,979.70,197.0476,84.74, -,9.140412
0.85,232.2231,978.80,221.0952,84.74, -,9.140412
0.90,246.2633,978.30,234.4762,84.74, -,9.140412
0.95,263.1186,977.70,250.5238,84.74, -,9.140412
1.00,274.3612,977.30,261.2381,84.74, -,9.140412
1.05,294.0439,976.60,280,84.74, -,9.140412
1.10,308.1097,976.10,285.4286,84.74, -,9.140412
1.15,322.1814,975.60,288.1905,84.74, -,9.140412
1.20,336.2589,975.10,293.6667,84.74, -,9.140412
1.25,347.5241,974.70,293.7619,84.74, -,9.140412
1.30,355.9758,974.40,283.1905,84.74, -,9.140412
1.35,361.6121,974.20,280.5714,84.74, -,9.140412
1.40,370.0674,973.90,277.9524,84.74, -,9.140412
1.45,386.986,973.30,288.7143,84.74, -,9.140412
1.50,401.0904,972.80,286.1905,84.74, -,9.140412
1.55,418.0228,972.20,289,84.74, -,9.140412
1.60,434.9654,971.60,291.8095,84.74, -,9.140412
1.65,454.7399,970.90,297.2857,84.74, -,9.140412
1.70,471.7008,970.30,292.0952,84.74, -,9.140412
1.75,491.4985,969.60,294.9524,84.74, -,9.140412
1.80,508.4761,969.00,297.8095,84.74, -,9.140412
1.85,525.4623,968.40,303.3333,84.74, -,9.140412
1.90,542.4587,967.80,295.4762,84.74, -,9.140412
1.95,562.2977,967.10,301,84.74, -,9.140412
2.00,579.3109,966.50,301.1429,84.74, -,9.140412
2.05,596.3326,965.90,306.619,84.74, -,9.140412
2.10,613.3646,965.30,304.0952,84.74, -,9.140412
2.15,630.4035,964.70,306.9524,84.74, -,9.140412
2.20,647.4527,964.10,309.8095,84.74, -,9.140412
2.25,664.5087,963.50,312.619,84.74, -,9.140412
2.30,678.7292,963.00,315.4286,84.74, -,9.140412
2.35,695.8011,962.40,323.619,84.74, -,9.140412
2.40,710.0348,961.90,331.8095,84.74, -,9.140412
2.45,729.9724,961.20,342.7619,84.74, -,9.140412
2.50,747.0718,960.60,342.9524,84.74, -,9.140412
2.55,764.1782,960.00,345.8095,84.56, -,9.120965
2.60,778.4407,959.50,343.2381,84.56, -,9.120965
2.65,795.5629,958.90,343.381,84.56, -,9.120965
2.70,806.9837,958.50,335.4286,84.56, -,9.120965
2.75,824.1204,957.90,335.619,84.56, -,9.120965
2.80,838.4083,957.40,330.381,84.56, -,9.120965
2.85,855.5626,956.80,330.5238,84.56, -,9.120965
2.90,869.8638,956.30,327.9524,84.56, -,9.120965
2.95,887.0324,955.70,328.0952,84.56, -,9.120965
3.00,901.3469,955.20,322.8095,84.56, -,9.120965
3.05,915.6674,954.70,320.2381,84.56, -,9.120965
3.10,929.994,954.20,317.7143,84.56, -,9.120965
3.15,947.1949,953.60,317.8571,84.56, -,9.120965
3.20,958.6654,953.20,312.5238,84.56, -,9.120965
3.25,975.881,952.60,312.6667,84.56, -,9.120965
3.30,987.3611,952.20,307.381,84.56, -,9.120965
3.35,1001.718,951.70,307.5238,84.56, -,9.120965
3.40,1016.081,951.20,304.9524,84.56, -,9.120965
3.45,1033.326,950.60,307.8095,84.56, -,9.120965
3.50,1044.826,950.20,299.7619,84.56, -,9.140412
3.55,1059.208,949.70,297.1905,84.56, -,9.140412
3.60,1070.718,949.30,291.8571,84.56, -,9.140412
3.65,1085.11,948.80,292,84.56, -,9.140412
3.70,1099.509,948.30,289.4286,84.56, -,9.140412
3.75,1113.914,947.80,292.2857,84.56, -,9.140412
3.80,1125.441,947.40,286.9524,84.56, -,9.140412
3.85,1139.857,946.90,287.0476,84.56, -,9.140412
3.90,1151.395,946.50,281.7143,84.56, -,9.140412
3.95,1165.822,946.00,281.8571,84.56, -,9.140412
4.00,1177.369,945.60,276.5238,84.56, -,9.140412
4.05,1191.807,945.10,276.6667,84.56, -,9.140412
4.10,1203.361,944.70,274.0476,84.56, -,9.140412
4.15,1214.921,944.30,271.381,84.56, -,9.140412
4.20,1226.482,943.90,266,84.56, -,9.140412
4.25,1240.942,943.40,268.8571,84.56, -,9.140412
4.30,1252.514,943.00,263.4762,84.56, -,9.140412
4.35,1266.985,942.50,266.2857,84.56, -,9.140412
4.40,1278.566,942.10,263.6667,84.56, -,9.140412
4.45,1290.15,941.70,261.0476,84.56, -,9.140412
4.50,1301.739,941.30,255.6667,84.56, -,9.140412
4.55,1313.331,940.90,255.7619,84.56, -,9.15986
4.60,1324.928,940.50,253.0952,84.56, -,9.15986
4.65,1339.43,940.00,255.9524,84.56, -,9.15986
4.70,1348.134,939.70,250.5238,84.56, -,9.15986
4.75,1359.743,939.30,247.8571,84.56, -,9.15986
4.80,1371.355,938.90,245.1905,84.56, -,9.15986
4.85,1382.972,938.50,245.2381,84.56, -,9.15986
4.90,1391.687,938.20,239.8095,84.56, -,9.15986
4.95,1406.217,937.70,242.6667,84.56, -,9.15986
5.00,1414.938,937.40,237.1905,84.56, -,9.15986
5.05,1426.571,937.00,237.2857,84.56, -,9.15986
5.10,1435.297,936.70,231.8571,84.56, -,9.15986
5.15,1446.936,936.30,231.9524,84.56, -,9.15986
5.20,1458.578,935.90,232.0476,84.56, -,9.15986
5.25,1467.314,935.60,229.381,84.56, -,9.15986
5.30,1478.963,935.20,226.7143,84.56, -,9.15986
5.35,1490.618,934.80,226.8095,84.56, -,9.15986
5.40,1499.36,934.50,221.381,84.56, -,9.15986
5.45,1508.105,934.20,218.6667,84.56, -,9.15986
5.50,1519.77,933.80,218.7143,84.56, -,9.140412
5.55,1528.521,933.50,216,84.56, -,9.140412
5.60,1537.273,933.20,213.2857,84.56, -,9.140412
5.65,1548.948,932.80,213.3333,84.56, -,9.140412
5.70,1557.706,932.50,207.8571,84.56, -,9.140412
5.75,1566.466,932.20,207.9048,84.56, -,9.140412
5.80,1575.229,931.90,205.1905,84.56, -,9.140412
5.85,1586.917,931.50,205.2857,84.56, -,9.140412
5.90,1595.685,931.20,202.5714,84.56, -,9.140412
5.95,1604.455,930.90,202.619,84.56, -,9.140412
6.00,1610.303,930.70,194.3333,84.56, -,9.140412
6.05,1622.004,930.30,197.1905,84.56, -,9.140412
6.10,1630.781,930.00,194.4762,84.56, -,9.140412
6.15,1639.56,929.70,194.5238,84.56, -,9.140412
6.20,1648.341,929.40,191.8095,84.56, -,9.140412
6.25,1657.127,929.10,189.0952,84.56, -,9.140412
6.30,1665.913,928.80,189.1429,84.56, -,9.140412
6.35,1674.702,928.50,186.4286,84.56, -,9.140412
6.40,1680.563,928.30,180.9048,84.56, -,9.140412
6.45,1689.355,928.00,180.9524,84.56, -,9.140412
6.50,1698.15,927.70,181,84.56, -,9.140412
6.55,1706.946,927.40,178.2857,84.56, -,9.140412
6.60,1712.813,927.20,175.5238,84.56, -,9.140412
6.65,1721.614,926.90,175.5714,84.56, -,9.140412
6.70,1727.483,926.70,170.0476,84.56, -,9.140412
6.75,1736.287,926.40,170.0952,84.56, -,9.140412
6.80,1745.096,926.10,170.1429,84.56, -,9.140412
6.85,1750.967,925.90,167.381,84.56, -,9.140412
6.90,1759.78,925.60,164.619,84.56, -,9.140412
6.95,1765.654,925.40,161.8571,84.56, -,9.140412
7.00,1771.531,925.20,159.1429,84.56, -,9.140412
7.05,1780.347,924.90,161.9524,84.56, -,9.140412
7.10,1789.167,924.60,159.1905,84.56, -,9.140412
7.15,1795.046,924.40,156.4286,84.56, -,9.140412
7.20,1800.928,924.20,153.6667,84.56, -,9.140412
7.25,1809.752,923.90,153.6667,84.56, -,9.140412
7.30,1815.636,923.70,150.9048,84.56, -,9.140412
7.35,1821.522,923.50,148.1429,84.56, -,9.140412
7.40,1827.408,923.30,145.381,84.56, -,9.140412
7.45,1836.239,923.00,148.2381,84.56, -,9.140412
7.50,1839.183,922.90,142.6667,84.56, -,9.140412
7.55,1848.018,922.60,142.7143,84.56, -,9.140412
7.60,1853.908,922.40,139.9524,84.56, -,9.140412
7.65,1859.8,922.20,140,84.56, -,9.140412
7.70,1865.693,922.00,137.2381,84.56, -,9.140412
7.75,1871.588,921.80,137.2857,84.56, -,9.140412
7.80,1877.483,921.60,134.5238,84.56, -,9.140412
7.85,1883.377,921.40,131.7619,84.56, -,9.140412
7.90,1889.275,921.20,131.8095,84.56, -,9.140412
7.95,1895.173,921.00,129.0476,84.56, -,9.140412
8.00,1898.122,920.90,126.2857,84.56, -,9.140412
8.05,1904.022,920.70,126.2857,84.56, -,9.140412
8.10,1909.923,920.50,123.5238,84.56, -,9.140412
8.15,1915.825,920.30,120.7619,84.56, -,9.140412
8.20,1921.728,920.10,120.7619,84.56, -,9.140412
8.25,1924.679,920.00,117.9524,84.56, -,9.140412
8.30,1930.584,919.80,115.1905,84.56, -,9.140412
8.35,1936.49,919.60,115.1905,84.56, -,9.140412
8.40,1942.394,919.40,115.1905,84.56, -,9.140412
8.45,1945.349,919.30,112.381,84.56, -,9.140412
8.50,1948.302,919.20,106.7619,84.56, -,9.140412
8.55,1954.211,919.00,109.5714,84.56, -,9.140412
8.60,1960.121,918.80,106.7619,84.56, -,9.140412
8.65,1963.075,918.70,103.9524,84.56, -,9.140412
8.70,1966.032,918.60,101.1429,84.56, -,9.140412
8.75,1971.942,918.40,101.1429,84.56, -,9.140412
8.80,1974.899,918.30,98.33334,84.56, -,9.140412
8.85,1980.813,918.10,98.33334,84.56, -,9.140412
8.90,1983.769,918.00,95.52381,84.56, -,9.140412
8.95,1986.725,917.90,92.71429,84.56, -,9.140412
9.00,1992.641,917.70,92.71429,84.56, -,9.140412
9.05,1995.6,917.60,92.71429,84.56, -,9.140412
9.10,1998.558,917.50,89.90476,84.56, -,9.140412
9.15,2001.516,917.40,87.09524,84.56, -,9.140412
9.20,2004.475,917.30,84.28571,84.56, -,9.140412
9.25,2010.394,917.10,84.28571,84.56, -,9.140412
9.30,2013.353,917.00,84.28571,84.56, -,9.140412
9.35,2016.312,916.90,81.47619,84.56, -,9.140412
9.40,2019.273,916.80,78.66666,84.56, -,9.140412
9.45,2022.233,916.70,75.85714,84.56, -,9.140412
9.50,2025.195,916.60,75.85714,84.92, -,9.140412
9.55,2028.155,916.50,75.85714,84.92, -,9.140412
9.60,2031.115,916.40,73.04762,84.92, -,9.140412
9.65,2034.078,916.30,70.2381,84.92, -,9.140412
9.70,2037.039,916.20,70.2381,84.92, -,9.140412
9.75,2040.002,916.10,70.2381,84.92, -,9.140412
9.80,2042.963,916.00,67.42857,84.92, -,9.140412
9.85,2042.963,916.00,64.61905,84.92, -,9.140412
9.90,2045.925,915.90,61.80952,84.92, -,9.140412
9.95,2048.889,915.80,61.80952,84.92, -,9.140412
10.00,2051.851,915.70,61.80952,84.92, -,9.140412
10.05,2051.851,915.70,56.19048,84.92, -,9.140412
10.10,2054.815,915.60,56.19048,84.92, -,9.140412
10.15,2057.778,915.50,56.19048,84.92, -,9.140412
10.20,2060.741,915.40,56.19048,84.92, -,9.140412
10.25,2060.741,915.40,53.38095,84.92, -,9.140412
10.30,2063.706,915.30,50.57143,84.92, -,9.140412
10.35,2063.706,915.30,47.76191,84.92, -,9.140412
10.40,2066.67,915.20,47.76191,84.92, -,9.140412
10.45,2066.67,915.20,44.95238,84.92, -,9.140412
10.50,2066.67,915.20,42.14286,84.92, -,9.140412
10.55,2069.635,915.10,42.14286,84.92, -,9.101517
10.60,2072.599,915.00,42.14286,84.92, -,9.101517
10.65,2072.599,915.00,39.33333,84.92, -,9.101517
10.70,2072.599,915.00,36.52381,84.92, -,9.101517
10.75,2075.564,914.90,36.52381,84.92, -,9.101517
10.80,2075.564,914.90,33.71429,84.92, -,9.101517
10.85,2078.53,914.80,33.71429,84.92, -,9.101517
10.90,2078.53,914.80,33.71429,84.92, -,9.101517
10.95,2078.53,914.80,30.90476,84.92, -,9.101517
11.00,2078.53,914.80,28.09524,84.92, -,9.101517
11.05,2078.53,914.80,25.28572,84.92, -,9.101517
11.10,2078.53,914.80,25.28572,84.92, -,9.101517
11.15,2078.53,914.80,22.47619,84.92, -,9.101517
11.20,2081.495,914.70,22.47619,84.92, -,9.101517
11.25,2081.495,914.70,19.66667,84.92, -,9.101517
11.30,2078.53,914.80,16.85714,84.92, -,9.101517
11.35,1036.2,950.50,-978.6667,84.92, -,9.101517
11.40,2084.462,914.60,19.66667,84.92, -,9.101517
11.45,2084.462,914.60,16.85714,84.92, -,9.101517
11.50,2081.495,914.70,14.04762,84.92, -,9.140412
11.55,2081.495,914.70,14.04762,84.92, -,9.140412
11.60,2081.495,914.70,11.2381,84.92, -,9.140412
11.65,2078.53,914.80,5.619048,84.92, -,9.140412
11.70,2081.495,914.70,8.428572,84.92, -,9.140412
11.75,2117.103,913.50,42.33333,84.92, -,9.140412
11.80,2081.495,914.70,5.619048,84.92, -,9.140412
11.85,2087.427,914.50,11.28571,84.92, -,9.140412
11.90,2093.361,914.30,14.14286,84.92, -,9.140412
11.95,2096.327,914.20,16.95238,84.92, -,9.140412
12.00,2102.262,914.00,22.61905,84.92, -,9.140412
12.05,2093.361,914.30,14.14286,84.92, -,9.140412
12.10,2093.361,914.30,14.14286,84.92, -,9.140412
12.15,2096.327,914.20,16.95238,84.92, -,9.140412
12.20,2099.295,914.10,19.76191,84.92, -,9.140412
12.25,2090.393,914.40,8.476191,84.92, -,9.140412
12.30,2081.495,914.70,0,84.92, -,9.140412
12.35,2084.462,914.60,5.619048,84.92, -,9.140412
12.40,2087.427,914.50,1001.143,84.92, Drogue,9.140412
12.45,2081.495,914.70,-2.857143,84.92, -,9.140412
12.50,2069.635,915.10,-14.14286,84.92, -,9.140412
12.55,2069.635,915.10,-11.33333,84.74, -,9.140412
12.60,2084.462,914.60,2.809524,84.74, -,9.140412
12.65,2099.295,914.10,16.95238,84.74, -,9.140412
12.70,2108.198,913.80,28.23809,84.74, -,9.140412
12.75,2102.262,914.00,19.76191,84.74, -,9.140412
12.80,2105.229,913.90,-11.33333,84.74, -,9.140412
12.85,2099.295,914.10,16.90476,84.74, -,9.140412
12.90,2111.166,913.70,22.52381,84.74, -,9.140412
12.95,2102.262,914.00,8.380953,84.74, -,9.140412
13.00,2084.462,914.60,-11.38095,84.74, -,9.140412
13.05,2075.564,914.90,-25.52381,84.74, -,9.140412
13.10,2072.599,915.00,-19.85714,84.74, -,9.140412
13.15,2075.564,914.90,-17.04762,84.74, -,9.140412
13.20,2072.599,915.00,-22.66667,84.74, -,9.140412
13.25,2069.635,915.10,-28.28572,84.74, -,9.140412
13.30,2057.778,915.50,-31.09524,84.74, -,9.140412
13.35,2048.889,915.80,-31.09524,84.74, -,9.140412
13.40,2045.925,915.90,-36.71429,84.74, -,9.140412
13.45,2045.925,915.90,-39.52381,84.74, -,9.140412
13.50,2048.889,915.80,-31.04762,84.74, -,9.140412
13.55,2045.925,915.90,-22.57143,84.74, -,9.140412
13.60,2042.963,916.00,-25.38095,84.74, -,9.140412
13.65,2045.925,915.90,-36.71429,84.74, -,9.140412
13.70,2034.078,916.30,-62.14286,84.74, -,9.140412
13.75,2028.155,916.50,-76.2381,84.74, -,9.140412
13.80,2025.195,916.60,-73.38095,84.74, -,9.140412
13.85,2034.078,916.30,-67.71429,84.74, -,9.140412
13.90,2051.851,915.70,-45.14286,84.74, -,9.140412
13.95,2054.815,915.60,-53.61905,84.74, -,9.140412
14.00,2031.115,916.40,-67.71429,84.74, -,9.140412
14.05,1995.6,917.60,-84.57143,84.74, -,9.140412
14.10,1992.641,917.70,-78.90476,84.74, -,9.140412
14.15,1998.558,917.50,-70.47619,84.74, -,9.140412
14.20,1992.641,917.70,-78.90476,84.74, -,9.140412
14.25,1992.641,917.70,-76.09524,84.74, -,9.140412
14.30,1998.558,917.50,-67.66666,84.74, -,9.140412
14.35,2013.353,917.00,-42.28571,84.74, -,9.140412
14.40,2010.394,917.10,-36.61905,84.74, -,9.140412
14.45,1995.6,917.60,-47.90476,84.74, -,9.140412
14.50,2007.434,917.20,-36.61905,84.74, -,9.140412
14.55,1983.769,918.00,-61.95238,84.74, -,9.15986
14.60,1989.684,917.80,-53.52381,84.74, -,9.15986
14.65,2004.475,917.30,-36.61905,84.74, -,9.15986
14.70,1995.6,917.60,-47.90476,84.74, -,9.15986
14.75,1986.725,917.90,-45.04762,84.74, -,9.15986
14.80,1983.769,918.00,-42.23809,84.74, -,9.15986
14.85,1977.855,918.20,-45.04762,84.74, -,9.15986
14.90,1974.899,918.30,-56.33333,84.74, -,9.15986
14.95,1977.855,918.20,-70.42857,84.74, -,9.15986
15.00,1968.987,918.50,-81.66666,84.74, -,9.15986
15.05,1951.257,919.10,-76,84.74, -,9.15986
15.10,1948.302,919.20,-45,84.74, -,9.15986
15.15,1951.257,919.10,-39.38095,84.74, -,9.15986
15.20,1954.211,919.00,-42.19048,84.74, -,9.15986
15.25,1960.121,918.80,-30.95238,84.74, -,9.15986
15.30,1966.032,918.60,-25.33333,84.74, -,9.15986
15.35,1957.165,918.90,-39.38095,84.74, -,9.15986
15.40,1939.442,919.50,-70.33334,84.74, -,9.15986
15.45,1930.584,919.80,-75.95238,84.74, -,9.15986
15.50,1942.394,919.40,-50.61905,84.56, -,9.140412
15.55,1963.075,918.70,-42.19048,84.56, -,9.140412
15.60,1968.987,918.50,-14.04762,84.56, -,9.140412
15.65,1971.942,918.40,-16.85714,84.56, -,9.140412
15.70,1963.075,918.70,-39.38095,84.56, -,9.140412
15.75,1954.211,919.00,-39.33333,84.56, -,9.140412
15.80,1936.49,919.60,-47.76191,84.56, -,9.140412
15.85,1936.49,919.60,-44.95238,84.56, -,9.140412
15.90,1942.394,919.40,-33.71429,84.56, -,9.140412
15.95,1945.349,919.30,-28.09524,84.56, -,9.140412
16.00,1942.394,919.40,-33.71429,84.56, -,9.140412
16.05,1936.49,919.60,-30.90476,84.56, -,9.140412
16.10,1924.679,920.00,-25.23809,84.56, -,9.140412
16.15,1906.973,920.60,-39.28571,84.56, -,9.140412
16.20,1901.073,920.80,-47.71429,84.56, -,9.140412
16.25,1904.022,920.70,-47.71429,84.56, -,9.140412
16.30,1901.073,920.80,-56.14286,84.56, -,9.140412
16.35,1898.122,920.90,-64.57143,84.56, -,9.140412
16.40,1892.225,921.10,-61.76191,84.56, -,9.140412
16.45,1886.327,921.30,-50.52381,84.56, -,9.140412
16.50,1886.327,921.30,-42.09524,84.56, -,9.140412
16.55,1883.377,921.40,-56.14286,84.56, -,9.15986
16.60,1883.377,921.40,-75.85714,84.56, -,9.15986
16.65,1880.43,921.50,-84.28571,84.56, -,9.15986
16.70,1883.377,921.40,-84.28571,84.56, -,9.15986
16.75,1883.377,921.40,-75.85714,84.56, -,9.15986
16.80,1874.534,921.70,-75.85714,84.56, -,9.15986
16.85,1868.639,921.90,-64.61905,84.56, -,9.15986
16.90,1868.639,921.90,-64.61905,84.56, -,9.15986
16.95,1871.588,921.80,-67.42857,84.56, -,9.15986
17.00,1871.588,921.80,-70.2381,84.56, -,9.15986
17.05,1871.588,921.80,-67.42857,84.56, -,9.15986
17.10,1868.639,921.90,-64.61905,84.56, -,9.15986
17.15,1871.588,921.80,-50.57143,84.56, -,9.15986
17.20,1871.588,921.80,-33.71429,84.56, -,9.15986
17.25,1862.747,922.10,-36.52381,84.56, -,9.15986
17.30,1859.8,922.20,-42.14286,84.56, -,9.15986
17.35,1856.855,922.30,-42.14286,84.56, -,9.15986
17.40,1862.747,922.10,-33.71429,84.56, -,9.15986
17.45,1859.8,922.20,-30.90476,84.56, -,9.15986
17.50,1856.855,922.30,-28.09524,84.38, -,9.140412
17.55,1850.963,922.50,-33.71429,84.38, -,9.140412
17.60,1853.908,922.40,-28.09524,84.38, -,9.140412
17.65,1848.018,922.60,-33.71429,84.38, -,9.140412
17.70,1848.018,922.60,-30.90476,84.38, -,9.140412
17.75,1836.239,923.00,-44.95238,84.38, -,9.140412
17.80,1842.128,922.80,-39.33333,84.38, -,9.140412
17.85,1833.296,923.10,-39.33333,84.38, -,9.140412
17.90,1824.464,923.40,-42.14286,84.38, -,9.140412
17.95,1827.408,923.30,-39.33333,84.38, -,9.140412
18.00,1812.695,923.80,-56.14286,84.38, -,9.140412
18.05,1806.811,924.00,-61.76191,84.38, -,9.140412
18.10,1797.988,924.30,-70.14286,84.38, -,9.140412
18.15,1797.988,924.30,-67.33334,84.38, -,9.140412
18.20,1806.811,924.00,-61.76191,84.38, -,9.140412
18.25,1806.811,924.00,-61.76191,84.38, -,9.140412
18.30,1800.928,924.20,-58.95238,84.38, -,9.140412
18.35,1789.167,924.60,-67.33334,84.38, -,9.140412
18.40,1786.226,924.70,-67.33334,84.38, -,9.140412
18.45,1789.167,924.60,-70.14286,84.38, -,9.140412
18.50,1795.046,924.40,-61.71429,84.38, -,9.140412
18.55,1792.106,924.50,-61.71429,84.38, -,9.140412
18.60,1786.226,924.70,-61.71429,84.38, -,9.140412
18.65,1780.347,924.90,-70.14286,84.38, -,9.140412
18.70,1774.47,925.10,-70.14286,84.38, -,9.140412
18.75,1774.47,925.10,-70.14286,84.38, -,9.140412
18.80,1774.47,925.10,-58.90476,84.38, -,9.140412
18.85,1780.347,924.90,-58.90476,84.38, -,9.140412
18.90,1780.347,924.90,-50.47619,84.38, -,9.140412
18.95,1774.47,925.10,-47.66667,84.38, -,9.140412
19.00,1765.654,925.40,-58.85714,84.38, -,9.140412
19.05,1759.78,925.60,-50.42857,84.38, -,9.140412
19.10,1762.717,925.50,-42,84.38, -,9.140412
19.15,1759.78,925.60,-36.42857,84.38, -,9.140412
19.20,1759.78,925.60,-36.42857,84.38, -,9.140412
19.25,1753.905,925.80,-50.38095,84.38, -,9.140412
19.30,1750.967,925.90,-53.19048,84.38, -,9.140412
19.35,1750.967,925.90,-47.57143,84.38, -,9.140412
19.40,1748.031,926.00,-39.19048,84.38, -,9.140412
19.45,1748.031,926.00,-36.38095,84.38, -,9.140412
19.50,1745.096,926.10,-42,84.38, -,9.140412
19.55,1742.159,926.20,-50.42857,84.38, -,9.140412
19.60,1733.353,926.50,-56,84.38, -,9.140412
19.65,1733.353,926.50,-50.38095,84.38, -,9.140412
19.70,1739.224,926.30,-39.19048,84.38, -,9.140412
19.75,1739.224,926.30,-33.57143,84.38, -,9.140412
19.80,1739.224,926.30,-33.57143,84.38, -,9.140412
19.85,1724.549,926.80,-47.52381,84.38, -,9.140412
19.90,1724.549,926.80,-53.14286,84.38, -,9.140412
19.95,1715.747,927.10,-61.52381,84.38, -,9.140412
20.00,1704.014,927.50,-67.09524,84.38, -,9.140412
20.05,1704.014,927.50,-58.71429,84.38, -,9.140412
20.10,1701.083,927.60,-55.95238,84.38, -,9.140412
20.15,1692.286,927.90,-67.14286,84.38, -,9.140412
20.20,1689.355,928.00,-67.14286,84.38, -,9.140412
20.25,1686.424,928.10,-69.95238,84.38, -,9.140412
20.30,1683.493,928.20,-67.19048,84.38, -,9.140412
20.35,1683.493,928.20,-64.38095,84.38, -,9.140412
20.40,1683.493,928.20,-64.38095,84.38, -,9.140412
20.45,1686.424,928.10,-58.76191,84.38, -,9.140412
20.50,1689.355,928.00,-55.95238,84.38, -,9.140412
20.55,1692.286,927.90,-50.33333,84.38, -,9.140412
20.60,1695.218,927.80,-44.71429,84.38, -,9.140412
20.65,1692.286,927.90,-39.14286,84.38, -,9.140412
20.70,1683.493,928.20,-47.52381,84.38, -,9.140412
20.75,1668.842,928.70,-67.04762,84.38, -,9.140412
20.80,1660.055,929.00,-75.42857,84.38, -,9.140412
20.85,1654.198,929.20,-81,84.38, -,9.140412
20.90,1654.198,929.20,-67.04762,84.38, -,9.140412
20.95,1654.198,929.20,-67.04762,84.38, -,9.140412
21.00,1651.27,929.30,-61.47619,84.38, -,9.140412
21.05,1648.341,929.40,-53.09524,84.38, -,9.140412
21.10,1648.341,929.40,-53.09524,84.38, -,9.140412
21.15,1648.341,929.40,-50.28571,84.38, -,9.140412
21.20,1648.341,929.40,-41.90476,84.38, -,9.140412
21.25,1645.415,929.50,-41.90476,84.38, -,9.140412
21.30,1645.415,929.50,-39.09524,84.38, -,9.140412
21.35,1645.415,929.50,-36.28571,84.38, -,9.140412
21.40,1645.415,929.50,-36.28571,84.38, -,9.140412
21.45,1648.341,929.40,-33.47619,84.38, -,9.140412
21.50,1648.341,929.40,-36.28571,84.38, -,9.140412
21.55,1648.341,929.40,-39.09524,84.38, -,9.140412
21.60,1648.341,929.40,-41.90476,84.38, -,9.140412
21.65,1645.415,929.50,-47.52381,84.38, -,9.140412
21.70,1645.415,929.50,-44.71429,84.38, -,9.140412
21.75,1642.488,929.60,-39.14286,84.38, -,9.140412
21.80,1642.488,929.60,-25.19048,84.38, -,9.140412
21.85,1645.415,929.50,-14,84.38, -,9.140412
21.90,1642.488,929.60,-11.2381,84.38, -,9.140412
21.95,1639.56,929.70,-14.04762,84.38, -,9.140412
22.00,1639.56,929.70,-14.04762,84.38, -,9.140412
22.05,1639.56,929.70,-11.2381,84.38, -,9.140412
22.10,1642.488,929.60,-5.619048,84.38, -,9.140412
22.15,1642.488,929.60,-5.619048,84.38, -,9.140412
22.20,1639.56,929.70,-8.428572,84.38, -,9.140412
22.25,1639.56,929.70,-8.428572,84.38, -,9.140412
22.30,1636.634,929.80,-8.428572,84.38, -,9.140412
22.35,1630.781,930.00,-14,84.38, -,9.140412
22.40,1630.781,930.00,-14,84.38, -,9.140412
22.45,1627.855,930.10,-16.80952,84.38, -,9.140412
22.50,1624.928,930.20,-22.42857,84.38, -,9.140412
22.55,1624.928,930.20,-22.42857,84.38, -,9.140412
22.60,1624.928,930.20,-22.42857,84.38, -,9.140412
22.65,1622.004,930.30,-25.19048,84.38, -,9.140412
22.70,1619.077,930.40,-25.19048,84.38, -,9.140412
22.75,1616.153,930.50,-27.95238,84.38, -,9.140412
22.80,1616.153,930.50,-25.14286,84.38, -,9.140412
22.85,1616.153,930.50,-25.14286,84.38, -,9.140412
22.90,1616.153,930.50,-27.95238,84.38, -,9.140412
22.95,1616.153,930.50,-25.14286,84.38, -,9.140412
23.00,1613.229,930.60,-25.09524,84.38, -,9.140412
23.05,1610.303,930.70,-27.90476,84.38, -,9.140412
23.10,1610.303,930.70,-27.90476,84.38, -,9.140412
23.15,1607.38,930.80,-33.47619,84.38, -,9.140412
23.20,1604.455,930.90,-36.28571,84.38, -,9.140412
23.25,1604.455,930.90,-33.47619,84.38, -,9.140412
23.30,1601.532,931.00,-36.23809,84.38, -,9.140412
23.35,1601.532,931.00,-33.42857,84.38, -,9.140412
23.40,1598.609,931.10,-30.61905,84.38, -,9.140412
23.45,1598.609,931.10,-30.61905,84.38, -,9.140412
23.50,1598.609,931.10,-27.80952,84.38, -,9.140412
23.55,1595.685,931.20,-27.76191,84.38, -,9.140412
23.60,1595.685,931.20,-27.76191,84.38, -,9.140412
23.65,1592.762,931.30,-30.52381,84.38, -,9.140412
23.70,1592.762,931.30,-27.76191,84.38, -,9.140412
23.75,1592.762,931.30,-24.95238,84.38, -,9.140412
23.80,1589.839,931.40,-24.95238,84.38, -,9.140412
23.85,1589.839,931.40,-24.95238,84.38, -,9.140412
23.90,1589.839,931.40,-24.95238,84.38, -,9.140412
23.95,1586.917,931.50,-27.71428,84.38, -,9.140412
24.00,1583.995,931.60,-30.47619,84.38, -,9.140412
24.05,1583.995,931.60,-27.71428,84.38, -,9.140412
24.10,1581.072,931.70,-27.66667,84.38, -,9.140412
24.15,1578.151,931.80,-30.42857,84.38, -,9.140412
24.20,1578.151,931.80,-27.66667,84.38, -,9.140412
24.25,1575.229,931.90,-27.61905,84.38, -,9.140412
24.30,1575.229,931.90,-27.61905,84.38, -,9.140412
24.35,1569.388,932.10,-30.42857,84.38, -,9.140412
24.40,1566.466,932.20,-33.19048,84.38, -,9.140412
24.45,1563.547,932.30,-33.19048,84.38, -,9.140412
24.50,1563.547,932.30,-33.19048,84.38, -,9.140412
24.55,1563.547,932.30,-33.19048,84.38, -,9.140412
24.60,1563.547,932.30,-30.42857,84.38, -,9.140412
24.65,1563.547,932.30,-30.42857,84.38, -,9.140412
24.70,1563.547,932.30,-27.66667,84.38, -,9.140412
24.75,1563.547,932.30,-27.66667,84.38, -,9.140412
24.80,1563.547,932.30,-27.66667,84.38, -,9.140412
24.85,1560.625,932.40,-27.66667,84.38, -,9.140412
24.90,1557.706,932.50,-30.42857,84.38, -,9.140412
24.95,1554.787,932.60,-33.19048,84.38, -,9.140412
25.00,1551.867,932.70,-33.19048,84.38, -,9.140412
25.05,1551.867,932.70,-30.42857,84.38, -,9.140412
25.10,1551.867,932.70,-30.42857,84.38, -,9.140412
25.15,1551.867,932.70,-27.66667,84.38, -,9.140412
25.20,1551.867,932.70,-24.90476,84.38, -,9.140412
25.25,1548.948,932.80,-27.66667,84.38, -,9.140412
25.30,1548.948,932.80,-24.90476,84.38, -,9.140412
25.35,1546.028,932.90,-27.66667,84.38, -,9.140412
25.40,1543.11,933.00,-24.85714,84.38, -,9.140412
25.45,1540.192,933.10,-24.85714,84.38, -,9.140412
25.50,1537.273,933.20,-24.85714,84.38, -,9.15986
25.55,1537.273,933.20,-24.85714,84.38, -,9.15986
25.60,1537.273,933.20,-24.85714,84.38, -,9.15986
25.65,1537.273,933.20,-24.85714,84.38, -,9.15986
25.70,1537.273,933.20,-24.85714,84.38, -,9.15986
25.75,1534.356,933.30,-27.61905,84.38, -,9.15986
25.80,1531.437,933.40,-30.38095,84.38, -,9.15986
25.85,1531.437,933.40,-30.38095,84.38, -,9.15986
25.90,1531.437,933.40,-27.61905,84.38, -,9.15986
25.95,1528.521,933.50,-27.61905,84.38, -,9.15986
26.00,1528.521,933.50,-24.85714,84.38, -,9.15986
26.05,1528.521,933.50,-22.09524,84.38, -,9.15986
26.10,1525.604,933.60,-24.85714,84.38, -,9.15986
26.15,1525.604,933.60,-24.85714,84.38, -,9.15986
26.20,1525.604,933.60,-24.85714,84.38, -,9.15986
26.25,1522.686,933.70,-27.61905,84.38, -,9.15986
26.30,1522.686,933.70,-24.85714,84.38, -,9.15986
26.35,1519.77,933.80,-27.61905,84.38, -,9.15986
26.40,1519.77,933.80,-24.85714,84.38, -,9.15986
26.45,1519.77,933.80,-22.09524,84.38, -,9.15986
26.50,1516.853,933.90,-22.09524,84.38, -,9.15986
26.55,1516.853,933.90,-19.33333,84.38, -,9.15986
26.60,1513.937,934.00,-22.09524,84.38, -,9.15986
26.65,1513.937,934.00,-22.09524,84.38, -,9.15986
26.70,1511.022,934.10,-24.85714,84.38, -,9.15986
26.75,1511.022,934.10,-24.85714,84.38, -,9.15986
26.80,1511.022,934.10,-22.09524,84.38, -,9.15986
26.85,1511.022,934.10,-19.33333,84.38, -,9.15986
26.90,1508.105,934.20,-22.09524,84.38, -,9.15986
26.95,1505.191,934.30,-24.85714,84.38, -,9.15986
27.00,1505.191,934.30,-22.09524,84.38, -,9.15986
27.05,1505.191,934.30,-22.09524,84.38, -,9.15986
27.10,1502.275,934.40,-24.85714,84.38, -,9.15986
27.15,1502.275,934.40,-22.09524,84.38, -,9.15986
27.20,1499.36,934.50,-24.85714,84.38, -,9.15986
27.25,1499.36,934.50,-24.85714,84.38, -,9.15986
27.30,1496.447,934.60,-24.85714,84.38, -,9.15986
27.35,1496.447,934.60,-24.85714,84.38, -,9.15986
27.40,1493.531,934.70,-24.85714,84.38, -,9.15986
27.45,1490.618,934.80,-27.61905,84.38, -,9.15986
27.50,1490.618,934.80,-27.61905,84.38, -,9.140412
27.55,1490.618,934.80,-24.85714,84.38, -,9.140412
27.60,1484.79,935.00,-30.42857,84.38, -,9.140412
27.65,1484.79,935.00,-27.66667,84.38, -,9.140412
27.70,1484.79,935.00,-27.66667,84.38, -,9.140412
27.75,1481.877,935.10,-27.66667,84.38, -,9.140412
27.80,1481.877,935.10,-27.66667,84.38, -,9.140412
27.85,1478.963,935.20,-30.42857,84.38, -,9.140412
27.90,1478.963,935.20,-30.42857,84.38, -,9.140412
27.95,1476.051,935.30,-30.42857,84.38, -,9.140412
28.00,1476.051,935.30,-27.66667,84.38, -,9.140412
28.05,1473.137,935.40,-30.42857,84.38, -,9.140412
28.10,1470.226,935.50,-33.19048,84.38, -,9.140412
28.15,1470.226,935.50,-30.42857,84.38, -,9.140412
28.20,1470.226,935.50,-30.42857,84.38, -,9.140412
28.25,1467.314,935.60,-30.42857,84.38, -,9.140412
28.30,1467.314,935.60,-30.42857,84.38, -,9.140412
28.35,1464.401,935.70,-30.42857,84.38, -,9.140412
28.40,1461.49,935.80,-33.19048,84.38, -,9.140412
28.45,1461.49,935.80,-30.42857,84.38, -,9.140412
28.50,1458.578,935.90,-30.42857,84.38, -,9.140412
28.55,1458.578,935.90,-30.42857,84.38, -,9.140412
28.60,1458.578,935.90,-30.42857,84.38, -,9.140412
28.65,1455.668,936.00,-27.61905,84.38, -,9.140412
28.70,1455.668,936.00,-27.61905,84.38, -,9.140412
28.75,1452.757,936.10,-30.38095,84.38, -,9.140412
28.80,1452.757,936.10,-27.61905,84.38, -,9.140412
28.85,1449.846,936.20,-30.38095,84.38, -,9.140412
28.90,1449.846,936.20,-27.61905,84.38, -,9.140412
28.95,1449.846,936.20,-27.61905,84.38, -,9.140412
29.00,1446.936,936.30,-27.61905,84.38, -,9.140412
29.05,1446.936,936.30,-27.61905,84.38, -,9.140412
29.10,1446.936,936.30,-24.85714,84.38, -,9.140412
29.15,1444.025,936.40,-24.85714,84.38, -,9.140412
29.20,1444.025,936.40,-24.85714,84.38, -,9.140412
29.25,1441.116,936.50,-27.61905,84.38, -,9.140412
29.30,1441.116,936.50,-24.85714,84.38, -,9.140412
29.35,1438.207,936.60,-27.61905,84.38, -,9.140412
29.40,1438.207,936.60,-24.85714,84.38, -,9.140412
29.45,1435.297,936.70,-24.85714,84.38, -,9.140412
29.50,1432.388,936.80,-27.61905,84.38, -,9.15986
29.55,1432.388,936.80,-24.85714,84.38, -,9.15986
29.60,1432.388,936.80,-24.85714,84.38, -,9.15986
29.65,1432.388,936.80,-24.85714,84.38, -,9.15986
29.70,1429.478,936.90,-24.85714,84.38, -,9.15986
29.75,1429.478,936.90,-24.85714,84.38, -,9.15986
29.80,1426.571,937.00,-24.85714,84.38, -,9.15986
29.85,1423.663,937.10,-27.61905,84.38, -,9.15986
29.90,1423.663,937.10,-24.85714,84.38, -,9.15986
29.95,1423.663,937.10,-24.85714,84.38, -,9.15986
30.00,1420.754,937.20,-27.61905,84.38, -,9.15986
30.05,1417.847,937.30,-27.61905,84.38, -,9.15986
30.10,1417.847,937.30,-27.61905,84.38, -,9.15986
30.15,1414.938,937.40,-30.38095,84.38, -,9.15986
30.20,1414.938,937.40,-27.61905,84.38, -,9.15986
30.25,1412.031,937.50,-30.38095,84.38, -,9.15986
30.30,1412.031,937.50,-27.61905,84.38, -,9.15986
30.35,1409.125,937.60,-30.38095,84.38, -,9.15986
30.40,1409.125,937.60,-27.61905,84.38, -,9.15986
30.45,1406.217,937.70,-30.38095,84.38, -,9.15986
30.50,1406.217,937.70,-27.61905,84.38, -,9.15986
30.55,1403.311,937.80,-27.61905,84.38, -,9.140412
30.60,1403.311,937.80,-27.61905,84.38, -,9.140412
30.65,1400.404,937.90,-30.38095,84.38, -,9.140412
30.70,1400.404,937.90,-30.38095,84.38, -,9.140412
30.75,1400.404,937.90,-27.61905,84.38, -,9.140412
30.80,1397.499,938.00,-30.38095,84.38, -,9.140412
30.85,1394.594,938.10,-30.38095,84.38, -,9.140412
30.90,1394.594,938.10,-27.61905,84.38, -,9.140412
30.95,1391.687,938.20,-30.38095,84.38, -,9.140412
31.00,1391.687,938.20,-30.38095,84.38, -,9.140412
31.05,1388.782,938.30,-30.38095,84.38, -,9.140412
31.10,1388.782,938.30,-27.61905,84.38, -,9.140412
31.15,1385.876,938.40,-30.38095,84.38, -,9.140412
31.20,1385.876,938.40,-27.61905,84.38, -,9.140412
31.25,1382.972,938.50,-30.38095,84.38, -,9.140412
31.30,1382.972,938.50,-27.61905,84.38, -,9.140412
31.35,1380.068,938.60,-30.38095,84.38, -,9.140412
31.40,1380.068,938.60,-27.61905,84.38, -,9.140412
31.45,1377.163,938.70,-30.38095,84.38, -,9.140412
31.50,1374.26,938.80,-30.38095,84.38, -,9.15986
31.55,1374.26,938.80,-30.38095,84.38, -,9.15986
31.60,1374.26,938.80,-27.61905,84.38, -,9.15986
31.65,1371.355,938.90,-30.38095,84.38, -,9.15986
31.70,1371.355,938.90,-27.61905,84.38, -,9.15986
31.75,1368.452,939.00,-30.38095,84.38, -,9.15986
31.80,1365.549,939.10,-33.14286,84.38, -,9.15986
31.85,1362.645,939.20,-33.14286,84.38, -,9.15986
31.90,1362.645,939.20,-30.38095,84.38, -,9.15986
31.95,1359.743,939.30,-33.14286,84.38, -,9.15986
32.00,1356.839,939.40,-33.14286,84.38, -,9.15986
32.05,1356.839,939.40,-33.14286,84.38, -,9.15986
32.10,1353.938,939.50,-33.14286,84.38, -,9.15986
32.15,1353.938,939.50,-33.14286,84.38, -,9.15986
32.20,1351.036,939.60,-33.14286,84.38, -,9.15986
32.25,1348.134,939.70,-35.90476,84.38, -,9.15986
32.30,1348.134,939.70,-33.14286,84.38, -,9.15986
32.35,1345.233,939.80,-35.90476,84.38, -,9.15986
32.40,1345.233,939.80,-33.14286,84.38, -,9.15986
32.45,1342.33,939.90,-35.90476,84.38, -,9.15986
32.50,1342.33,939.90,-33.14286,84.38, -,9.15986
32.55,1339.43,940.00,-33.14286,84.38, -,9.140412
32.60,1339.43,940.00,-33.14286,84.38, -,9.140412
32.65,1339.43,940.00,-33.14286,84.38, -,9.140412
32.70,1339.43,940.00,-30.38095,84.38, -,9.140412
32.75,1339.43,940.00,-30.38095,84.38, -,9.140412
32.80,1339.43,940.00,-27.61905,84.38, -,9.140412
32.85,1339.43,940.00,-24.85714,84.38, -,9.140412
32.90,1339.43,940.00,-22.09524,84.38, -,9.140412
32.95,1336.53,940.10,-24.85714,84.38, -,9.140412
33.00,1336.53,940.10,-22.09524,84.38, -,9.140412
33.05,1336.53,940.10,-19.33333,84.38, -,9.140412
33.10,1333.628,940.20,-22.09524,84.38, -,9.140412
33.15,1330.729,940.30,-22.09524,84.38, -,9.140412
33.20,1330.729,940.30,-22.09524,84.38, -,9.140412
33.25,1330.729,940.30,-19.33333,84.38, -,9.140412
33.30,1327.828,940.40,-19.33333,84.38, -,9.140412
33.35,1324.928,940.50,-22.09524,84.38, -,9.140412
33.40,1324.928,940.50,-19.33333,84.38, -,9.140412
33.45,1322.03,940.60,-22.09524,84.38, -,9.140412
33.50,1322.03,940.60,-19.33333,84.38, -,9.140412
33.55,1319.129,940.70,-22.09524,84.38, -,9.140412
33.60,1319.129,940.70,-19.33333,84.38, -,9.140412
33.65,1319.129,940.70,-19.33333,84.38, -,9.140412
33.70,1316.231,940.80,-22.09524,84.38, -,9.140412
33.75,1313.331,940.90,-24.85714,84.38, -,9.140412
33.80,1313.331,940.90,-24.85714,84.38, -,9.140412
33.85,1313.331,940.90,-24.85714,84.38, -,9.140412
33.90,1310.433,941.00,-27.61905,84.38, -,9.140412
33.95,1310.433,941.00,-27.61905,84.38, -,9.140412
34.00,1310.433,941.00,-24.85714,84.38, -,9.140412
34.05,1310.433,941.00,-24.85714,84.38, -,9.140412
34.10,1310.433,941.00,-24.85714,84.38, -,9.140412
34.15,1304.636,941.20,-27.61905,84.38, -,9.140412
34.20,1304.636,941.20,-24.85714,84.38, -,9.140412
34.25,1301.739,941.30,-27.61905,84.38, -,9.140412
34.30,1301.739,941.30,-27.61905,84.38, -,9.140412
34.35,1301.739,941.30,-24.85714,84.38, -,9.140412
34.40,1298.841,941.40,-24.85714,84.38, -,9.140412
34.45,1295.944,941.50,-27.61905,84.38, -,9.140412
34.50,1295.944,941.50,-24.85714,84.38, -,9.140412
34.55,1293.048,941.60,-27.61905,84.38, -,9.140412
34.60,1290.15,941.70,-27.61905,84.38, -,9.140412
34.65,1287.254,941.80,-30.38095,84.38, -,9.140412
34.70,1287.254,941.80,-30.38095,84.38, -,9.140412
34.75,1284.357,941.90,-30.38095,84.38, -,9.140412
34.80,1284.357,941.90,-27.61905,84.38, -,9.140412
34.85,1281.461,942.00,-30.38095,84.38, -,9.140412
34.90,1281.461,942.00,-30.38095,84.38, -,9.140412
34.95,1278.566,942.10,-30.38095,84.38, -,9.140412
35.00,1278.566,942.10,-30.38095,84.38, -,9.140412
35.05,1275.669,942.20,-33.14286,84.38, -,9.140412
35.10,1275.669,942.20,-33.14286,84.38, -,9.140412
35.15,1272.775,942.30,-35.90476,84.38, -,9.140412
35.20,1272.775,942.30,-30.38095,84.38, -,9.140412
35.25,1272.775,942.30,-30.38095,84.38, -,9.140412
35.30,1269.879,942.40,-30.38095,84.38, -,9.140412
35.35,1269.879,942.40,-30.38095,84.38, -,9.140412
35.40,1269.879,942.40,-30.38095,84.38, -,9.140412
35.45,1266.985,942.50,-30.38095,84.38, -,9.140412
35.50,1264.091,942.60,-30.38095,84.38, -,9.140412
35.55,1261.195,942.70,-33.14286,84.38, -,9.140412
35.60,1261.195,942.70,-30.38095,84.38, -,9.140412
35.65,1261.195,942.70,-27.61905,84.38, -,9.140412
35.70,1258.302,942.80,-27.61905,84.38, -,9.140412
35.75,1258.302,942.80,-27.61905,84.38, -,9.140412
35.80,1255.407,942.90,-27.61905,84.38, -,9.140412
35.85,1255.407,942.90,-27.61905,84.38, -,9.140412
35.90,1252.514,943.00,-27.61905,84.38, -,9.140412
35.95,1252.514,943.00,-27.61905,84.38, -,9.140412
36.00,1252.514,943.00,-24.85714,84.38, -,9.140412
36.05,1249.622,943.10,-27.61905,84.38, -,9.140412
36.10,1249.622,943.10,-24.85714,84.38, -,9.140412
36.15,1246.727,943.20,-27.61905,84.38, -,9.140412
36.20,1246.727,943.20,-24.85714,84.38, -,9.140412
36.25,1243.835,943.30,-27.61905,84.38, -,9.140412
36.30,1243.835,943.30,-27.61905,84.38, -,9.140412
36.35,1240.942,943.40,-27.61905,84.38, -,9.140412
36.40,1240.942,943.40,-27.61905,84.38, -,9.140412
36.45,1238.05,943.50,-30.38095,84.38, -,9.140412
36.50,1238.05,943.50,-27.61905,84.38, -,9.140412
36.55,1238.05,943.50,-24.85714,84.38, -,9.140412
36.60,1238.05,943.50,-22.09524,84.38, -,9.140412
36.65,1235.159,943.60,-24.85714,84.38, -,9.140412
36.70,1232.266,943.70,-27.61905,84.38, -,9.140412
36.75,1232.266,943.70,-24.85714,84.38, -,9.140412
36.80,1229.375,943.80,-27.61905,84.38, -,9.140412
36.85,1229.375,943.80,-24.85714,84.38, -,9.140412
36.90,1229.375,943.80,-24.85714,84.38, -,9.140412
36.95,1226.482,943.90,-24.85714,84.38, -,9.140412
37.00,1223.592,944.00,-27.61905,84.38, -,9.140412
37.05,1223.592,944.00,-27.61905,84.38, -,9.140412
37.10,1220.702,944.10,-27.61905,84.38, -,9.140412
37.15,1220.702,944.10,-27.61905,84.38, -,9.140412
37.20,1220.702,944.10,-24.85714,84.38, -,9.140412
37.25,1214.921,944.30,-30.38095,84.38, -,9.140412
37.30,1214.921,944.30,-27.61905,84.38, -,9.140412
37.35,1212.029,944.40,-30.38095,84.38, -,9.140412
37.40,1212.029,944.40,-27.61905,84.38, -,9.140412
37.45,1209.14,944.50,-30.38095,84.38, -,9.140412
37.50,1206.251,944.60,-30.38095,84.38, -,9.15986
37.55,1203.361,944.70,-33.14286,84.38, -,9.15986
37.60,1203.361,944.70,-33.14286,84.38, -,9.15986
37.65,1200.473,944.80,-35.90476,84.38, -,9.15986
37.70,1197.583,944.90,-35.90476,84.38, -,9.15986
37.75,1197.583,944.90,-33.14286,84.38, -,9.15986
37.80,1194.695,945.00,-35.90476,84.38, -,9.15986
37.85,1194.695,945.00,-33.14286,84.38, -,9.15986
37.90,1194.695,945.00,-33.14286,84.38, -,9.15986
37.95,1191.807,945.10,-35.90476,84.38, -,9.15986
38.00,1191.807,945.10,-33.14286,84.38, -,9.15986
38.05,1191.807,945.10,-30.38095,84.38, -,9.15986
38.10,1188.918,945.20,-33.14286,84.38, -,9.15986
38.15,1186.031,945.30,-33.14286,84.38, -,9.15986
38.20,1186.031,945.30,-33.14286,84.38, -,9.15986
38.25,1186.031,945.30,-33.14286,84.38, -,9.15986
38.30,1186.031,945.30,-27.61905,84.38, -,9.15986
38.35,1186.031,945.30,-27.61905,84.38, -,9.15986
38.40,1183.142,945.40,-27.61905,84.38, -,9.15986
38.45,1183.142,945.40,-27.61905,84.38, -,9.15986
38.50,1180.255,945.50,-27.61905,84.38, -,9.15986
38.55,1180.255,945.50,-24.85714,84.2, -,9.140412
38.60,1177.369,945.60,-24.85714,84.2, -,9.140412
38.65,1177.369,945.60,-24.85714,84.2, -,9.140412
38.70,1177.369,945.60,-22.09524,84.2, -,9.140412
38.75,1180.255,945.50,-16.57143,84.2, -,9.140412
38.80,1177.369,945.60,-19.33333,84.2, -,9.140412
38.85,1174.481,945.70,-19.33333,84.2, -,9.140412
38.90,1168.708,945.90,-24.80952,84.2, -,9.140412
38.95,1168.708,945.90,-24.80952,84.2, -,9.140412
39.00,1165.822,946.00,-24.80952,84.2, -,9.140412
39.05,1165.822,946.00,-24.80952,84.2, -,9.140412
39.10,1162.937,946.10,-27.57143,84.2, -,9.140412
39.15,1160.05,946.20,-27.57143,84.2, -,9.140412
39.20,1157.166,946.30,-27.57143,84.2, -,9.140412
39.25,1157.166,946.30,-27.57143,84.2, -,9.140412
39.30,1157.166,946.30,-27.57143,84.2, -,9.140412
39.35,1157.166,946.30,-27.57143,84.2, -,9.140412
39.40,1154.279,946.40,-30.33333,84.2, -,9.140412
39.45,1151.395,946.50,-30.33333,84.2, -,9.140412
39.50,1151.395,946.50,-30.33333,84.2, -,9.140412
39.55,1151.395,946.50,-27.57143,84.2, -,9.140412
39.60,1148.511,946.60,-30.33333,84.2, -,9.140412
39.65,1148.511,946.60,-27.57143,84.2, -,9.140412
39.70,1145.626,946.70,-30.33333,84.2, -,9.140412
39.75,1142.742,946.80,-33.09524,84.2, -,9.140412
39.80,1142.742,946.80,-35.85714,84.2, -,9.140412
39.85,1139.857,946.90,-35.85714,84.2, -,9.140412
39.90,1139.857,946.90,-33.09524,84.2, -,9.140412
39.95,1136.974,947.00,-30.38095,84.2, -,9.140412
40.00,1136.974,947.00,-30.38095,84.2, -,9.140412
40.05,1134.092,947.10,-30.38095,84.2, -,9.140412
40.10,1131.207,947.20,-33.14286,84.2, -,9.140412
40.15,1131.207,947.20,-30.38095,84.2, -,9.140412
40.20,1128.325,947.30,-30.38095,84.2, -,9.140412
40.25,1128.325,947.30,-27.61905,84.2, -,9.140412
40.30,1125.441,947.40,-30.38095,84.2, -,9.140412
40.35,1125.441,947.40,-30.38095,84.2, -,9.140412
40.40,1125.441,947.40,-30.38095,84.2, -,9.140412
40.45,1122.56,947.50,-30.38095,84.2, -,9.140412
40.50,1122.56,947.50,-27.61905,84.2, -,9.140412
40.55,1122.56,947.50,-27.61905,84.2, -,9.140412
40.60,1122.56,947.50,-27.61905,84.2, -,9.140412
40.65,1119.678,947.60,-27.61905,84.2, -,9.140412
40.70,1116.795,947.70,-30.38095,84.2, -,9.140412
40.75,1116.795,947.70,-27.61905,84.2, -,9.140412
40.80,1113.914,947.80,-27.61905,84.2, -,9.140412
40.85,1111.031,947.90,-30.38095,84.2, -,9.140412
40.90,1108.151,948.00,-30.38095,84.2, -,9.140412
40.95,1105.271,948.10,-33.14286,84.2, -,9.140412
41.00,1105.271,948.10,-30.38095,84.2, -,9.140412
41.05,1102.389,948.20,-33.14286,84.2, -,9.140412
41.10,1102.389,948.20,-30.38095,84.2, -,9.140412
41.15,1099.509,948.30,-30.38095,84.2, -,9.140412
41.20,1096.628,948.40,-33.14286,84.2, -,9.140412
41.25,1093.749,948.50,-33.14286,84.2, -,9.140412
41.30,1093.749,948.50,-33.14286,84.2, -,9.140412
41.35,1090.87,948.60,-33.14286,84.2, -,9.140412
41.40,1090.87,948.60,-33.14286,84.2, -,9.140412
41.45,1087.989,948.70,-35.90476,84.2, -,9.140412
41.50,1087.989,948.70,-33.14286,84.2, -,9.140412
41.55,1087.989,948.70,-33.14286,84.2, -,9.140412
41.60,1085.11,948.80,-35.90476,84.2, -,9.140412
41.65,1082.23,948.90,-38.66667,84.2, -,9.140412
41.70,1082.23,948.90,-35.90476,84.2, -,9.140412
41.75,1082.23,948.90,-33.14286,84.2, -,9.140412
41.80,1082.23,948.90,-33.14286,84.2, -,9.140412
41.85,1079.352,949.00,-33.14286,84.2, -,9.140412
41.90,1079.352,949.00,-30.38095,84.2, -,9.140412
41.95,1079.352,949.00,-27.61905,84.2, -,9.140412
42.00,1079.352,949.00,-24.85714,84.2, -,9.140412
42.05,1076.474,949.10,-27.61905,84.2, -,9.140412
42.10,1076.474,949.10,-24.85714,84.2, -,9.140412
42.15,1076.474,949.10,-24.85714,84.2, -,9.140412
42.20,1076.474,949.10,-22.09524,84.2, -,9.140412
42.25,1073.595,949.20,-22.09524,84.2, -,9.140412
42.30,1070.718,949.30,-22.09524,84.2, -,9.140412
42.35,1070.718,949.30,-22.09524,84.2, -,9.140412
42.40,1067.839,949.40,-22.09524,84.2, -,9.140412
42.45,1067.839,949.40,-22.09524,84.2, -,9.140412
42.50,1064.962,949.50,-22.09524,84.2, -,9.140412
42.55,1064.962,949.50,-22.09524,84.2, -,9.140412
42.60,1064.962,949.50,-22.09524,84.2, -,9.140412
42.65,1064.962,949.50,-19.33333,84.2, -,9.140412
42.70,1064.962,949.50,-16.57143,84.2, -,9.140412
42.75,1062.086,949.60,-19.33333,84.2, -,9.140412
42.80,1059.208,949.70,-22.09524,84.2, -,9.140412
42.85,1056.331,949.80,-24.85714,84.2, -,9.140412
42.90,1053.454,949.90,-24.85714,84.2, -,9.140412
42.95,1053.454,949.90,-24.85714,84.2, -,9.140412
43.00,1050.578,950.00,-27.61905,84.2, -,9.140412
43.05,1050.578,950.00,-27.61905,84.2, -,9.140412
43.10,1047.703,950.10,-27.61905,84.2, -,9.140412
43.15,1044.826,950.20,-30.38095,84.2, -,9.140412
43.20,1041.951,950.30,-33.09524,84.2, -,9.140412
43.25,1039.075,950.40,-35.85714,84.2, -,9.140412
43.30,1036.2,950.50,-35.80952,84.2, -,9.140412
43.35,1036.2,950.50,-33.04762,84.2, -,9.140412
43.40,1033.326,950.60,-35.76191,84.2, -,9.140412
43.45,1033.326,950.60,-33,84.2, -,9.140412
43.50,1033.326,950.60,-33,84.2, -,9.15986
43.55,1030.451,950.70,-33,84.2, -,9.15986
43.60,1030.451,950.70,-33,84.2, -,9.15986
43.65,1030.451,950.70,-33,84.2, -,9.15986
43.70,1027.577,950.80,-35.71429,84.2, -,9.15986
43.75,1024.702,950.90,-38.47619,84.2, -,9.15986
43.80,1024.702,950.90,-35.71429,84.2, -,9.15986
43.85,1021.829,951.00,-35.66667,84.2, -,9.15986
43.90,1021.829,951.00,-32.90476,84.2, -,9.15986
43.95,1018.956,951.10,-32.85714,84.2, -,9.15986
44.00,1018.956,951.10,-32.85714,84.2, -,9.15986
44.05,1018.956,951.10,-30.09524,84.2, -,9.15986
44.10,1016.081,951.20,-32.80952,84.2, -,9.15986
44.15,1016.081,951.20,-30.04762,84.2, -,9.15986
44.20,1013.209,951.30,-30,84.2, -,9.15986
44.25,1013.209,951.30,-27.28572,84.2, -,9.15986
44.30,1010.335,951.40,-27.23809,84.2, -,9.15986
44.35,1007.463,951.50,-27.23809,84.2, -,9.15986
44.40,1007.463,951.50,-27.23809,84.2, -,9.15986
44.45,1004.591,951.60,-27.23809,84.2, -,9.15986
44.50,1004.591,951.60,-27.23809,84.2, -,9.15986
44.55,1004.591,951.60,-27.23809,84.2, -,9.140412
44.60,1001.718,951.70,-27.19048,84.2, -,9.140412
44.65,1001.718,951.70,-27.19048,84.2, -,9.140412
44.70,1001.718,951.70,-27.19048,84.2, -,9.140412
44.75,998.847,951.80,-27.19048,84.2, -,9.140412
44.80,998.847,951.80,-24.42857,84.2, -,9.140412
44.85,995.9743,951.90,-27.14286,84.2, -,9.140412
44.90,993.1036,952.00,-27.14286,84.2, -,9.140412
44.95,995.9743,951.90,-24.42857,84.2, -,9.140412
45.00,993.1036,952.00,-24.42857,84.2, -,9.140412
45.05,993.1036,952.00,-24.42857,84.2, -,9.140412
45.10,990.2332,952.10,-27.14286,84.2, -,9.140412
45.15,987.3611,952.20,-27.14286,84.2, -,9.140412
45.20,987.3611,952.20,-27.14286,84.2, -,9.140412
45.25,984.4912,952.30,-27.14286,84.2, -,9.140412
45.30,981.6197,952.40,-29.85714,84.2, -,9.140412
45.35,978.7502,952.50,-29.85714,84.2, -,9.140412
45.40,978.7502,952.50,-27.14286,84.2, -,9.140412
45.45,978.7502,952.50,-27.14286,84.2, -,9.140412
45.50,975.881,952.60,-27.14286,84.2, -,9.140412
45.55,975.881,952.60,-27.14286,84.2, -,9.140412
45.60,973.0103,952.70,-29.85714,84.2, -,9.140412
45.65,973.0103,952.70,-27.14286,84.2, -,9.140412
45.70,970.1415,952.80,-29.85714,84.2, -,9.140412
45.75,970.1415,952.80,-29.85714,84.2, -,9.140412
45.80,967.2712,952.90,-29.85714,84.2, -,9.140412
45.85,967.2712,952.90,-29.85714,84.2, -,9.140412
45.90,964.403,953.00,-29.85714,84.2, -,9.140412
45.95,964.403,953.00,-27.14286,84.2, -,9.140412
46.00,964.403,953.00,-29.85714,84.2, -,9.140412
46.05,964.403,953.00,-27.14286,84.2, -,9.140412
46.10,961.5349,953.10,-29.85714,84.2, -,9.140412
46.15,961.5349,953.10,-27.14286,84.2, -,9.140412
46.20,958.6654,953.20,-27.14286,84.2, -,9.140412
46.25,958.6654,953.20,-27.14286,84.2, -,9.140412
46.30,955.7979,953.30,-27.14286,84.2, -,9.140412
46.35,952.9288,953.40,-27.14286,84.2, -,9.140412
46.40,950.0618,953.50,-27.14286,84.2, -,9.140412
46.45,950.0618,953.50,-27.14286,84.2, -,9.140412
46.50,950.0618,953.50,-27.14286,84.2, -,9.140412
46.55,947.1949,953.60,-27.14286,84.2, -,9.140412
46.60,947.1949,953.60,-27.14286,84.2, -,9.140412
46.65,944.3266,953.70,-27.14286,84.2, -,9.140412
46.70,944.3266,953.70,-27.14286,84.2, -,9.140412
46.75,941.4603,953.80,-27.14286,84.2, -,9.140412
46.80,941.4603,953.80,-27.14286,84.2, -,9.140412
46.85,941.4603,953.80,-24.42857,84.2, -,9.140412
46.90,938.5925,953.90,-27.14286,84.2, -,9.140412
46.95,938.5925,953.90,-24.42857,84.2, -,9.140412
47.00,935.7266,954.00,-27.14286,84.2, -,9.140412
47.05,935.7266,954.00,-27.14286,84.2, -,9.140412
47.10,932.861,954.10,-29.85714,84.2, -,9.140412
47.15,932.861,954.10,-27.14286,84.2, -,9.140412
47.20,932.861,954.10,-27.14286,84.2, -,9.140412
47.25,929.994,954.20,-27.14286,84.2, -,9.140412
47.30,929.994,954.20,-27.14286,84.2, -,9.140412
47.35,927.1288,954.30,-27.14286,84.2, -,9.140412
47.40,927.1288,954.30,-24.42857,84.2, -,9.140412
47.45,924.2623,954.40,-24.42857,84.2, -,9.140412
47.50,924.2623,954.40,-24.42857,84.2, -,9.140412
47.55,921.3976,954.50,-27.14286,84.2, -,9.140412
47.60,921.3976,954.50,-24.42857,84.2, -,9.140412
47.65,918.5333,954.60,-27.14286,84.2, -,9.140412
47.70,918.5333,954.60,-24.42857,84.2, -,9.140412
47.75,918.5333,954.60,-24.42857,84.2, -,9.140412
47.80,915.6674,954.70,-24.42857,84.2, -,9.140412
47.85,915.6674,954.70,-24.42857,84.2, -,9.140412
47.90,912.8035,954.80,-27.14286,84.2, -,9.140412
47.95,912.8035,954.80,-24.42857,84.2, -,9.140412
48.00,909.938,954.90,-27.14286,84.2, -,9.140412
48.05,909.938,954.90,-24.42857,84.2, -,9.140412
48.10,909.938,954.90,-24.42857,84.2, -,9.140412
48.15,907.0746,955.00,-24.42857,84.2, -,9.140412
48.20,904.2115,955.10,-27.14286,84.2, -,9.140412
48.25,901.3469,955.20,-29.85714,84.2, -,9.140412
48.30,901.3469,955.20,-27.14286,84.2, -,9.140412
48.35,901.3469,955.20,-27.14286,84.2, -,9.140412
48.40,904.2115,955.10,-21.71428,84.2, -,9.140412
48.45,904.2115,955.10,-21.71428,84.2, -,9.140412
48.50,904.2115,955.10,-19,84.2, -,9.140412
48.55,904.2115,955.10,-19,84.2, -,9.15986
48.60,904.2115,955.10,-16.28572,84.2, -,9.15986
48.65,901.3469,955.20,-19,84.2, -,9.15986
48.70,901.3469,955.20,-16.28572,84.2, -,9.15986
48.75,901.3469,955.20,-16.28572,84.2, -,9.15986
48.80,898.4842,955.30,-19,84.2, -,9.15986
48.85,895.62,955.40,-19,84.2, -,9.15986
48.90,892.7578,955.50,-21.71428,84.2, -,9.15986
48.95,892.7578,955.50,-19,84.2, -,9.15986
49.00,889.8959,955.60,-21.71428,84.2, -,9.15986
49.05,884.171,955.80,-24.42857,84.2, -,9.15986
49.10,878.447,956.00,-29.85714,84.2, -,9.15986
49.15,875.5862,956.10,-32.57143,84.2, -,9.15986
49.20,872.724,956.20,-32.57143,84.2, -,9.15986
49.25,872.724,956.20,-29.85714,84.2, -,9.15986
49.30,872.724,956.20,-27.14286,84.2, -,9.15986
49.35,869.8638,956.30,-29.85714,84.2, -,9.15986
49.40,869.8638,956.30,-29.85714,84.2, -,9.15986
49.45,869.8638,956.30,-32.57143,84.2, -,9.15986
49.50,869.8638,956.30,-32.57143,84.2, -,9.140412
49.55,867.002,956.40,-35.28571,84.2, -,9.140412
49.60,864.1422,956.50,-38,84.2, -,9.140412
49.65,864.1422,956.50,-38,84.2, -,9.140412
49.70,864.1422,956.50,-35.28571,84.2, -,9.140412
49.75,861.2827,956.60,-38,84.2, -,9.140412
49.80,858.4217,956.70,-40.71429,84.2, -,9.140412
49.85,858.4217,956.70,-38,84.2, -,9.140412
49.90,858.4217,956.70,-35.28571,84.2, -,9.140412
49.95,855.5626,956.80,-35.28571,84.2, -,9.140412
50.00,852.7021,956.90,-38,84.2, -,9.140412
50.05,852.7021,956.90,-35.28571,84.2, -,9.140412
50.10,852.7021,956.90,-29.85714,84.2, -,9.140412
50.15,852.7021,956.90,-24.42857,84.2, -,9.140412
50.20,852.7021,956.90,-21.71428,84.2, -,9.140412
50.25,849.8436,957.00,-21.71428,84.2, -,9.140412
50.30,849.8436,957.00,-21.71428,84.2, -,9.140412
50.35,846.9852,957.10,-24.42857,84.2, -,9.140412
50.40,846.9852,957.10,-21.71428,84.2, -,9.140412
50.45,844.1254,957.20,-24.42857,84.2, -,9.140412
50.50,841.2676,957.30,-27.14286,84.2, -,9.140412
50.55,841.2676,957.30,-27.14286,84.2, -,9.140412
50.60,841.2676,957.30,-24.42857,84.2, -,9.140412
50.65,841.2676,957.30,-21.71428,84.2, -,9.140412
50.70,841.2676,957.30,-21.71428,84.2, -,9.140412
50.75,838.4083,957.40,-24.42857,84.2, -,9.140412
50.80,838.4083,957.40,-21.71428,84.2, -,9.140412
50.85,838.4083,957.40,-19,84.2, -,9.140412
50.90,832.6938,957.60,-24.42857,84.2, -,9.140412
50.95,832.6938,957.60,-24.42857,84.2, -,9.140412
51.00,829.8351,957.70,-24.42857,84.2, -,9.140412
51.05,826.9786,957.80,-24.42857,84.2, -,9.140412
51.10,826.9786,957.80,-24.42857,84.2, -,9.140412
51.15,826.9786,957.80,-24.42857,84.2, -,9.140412
51.20,826.9786,957.80,-24.42857,84.2, -,9.140412
51.25,824.1204,957.90,-27.14286,84.2, -,9.140412
51.30,824.1204,957.90,-24.42857,84.2, -,9.140412
51.35,821.2643,958.00,-27.14286,84.2, -,9.140412
51.40,818.4084,958.10,-27.14286,84.2, -,9.140412
51.45,815.551,958.20,-29.85714,84.2, -,9.140412
51.50,812.6956,958.30,-29.85714,84.02, -,9.140412
51.55,809.8386,958.40,-29.85714,84.02, -,9.140412
51.60,806.9837,958.50,-32.57143,84.02, -,9.140412
51.65,806.9837,958.50,-32.57143,84.02, -,9.140412
51.70,804.129,958.60,-35.28571,84.02, -,9.140412
51.75,804.129,958.60,-35.28571,84.02, -,9.140412
51.80,804.129,958.60,-32.57143,84.02, -,9.140412
51.85,804.129,958.60,-32.57143,84.02, -,9.140412
51.90,801.2728,958.70,-35.28571,84.02, -,9.140412
51.95,801.2728,958.70,-29.85714,84.02, -,9.140412
52.00,798.4186,958.80,-32.57143,84.02, -,9.140412
52.05,798.4186,958.80,-29.85714,84.02, -,9.140412
52.10,795.5629,958.90,-29.85714,84.02, -,9.140412
52.15,792.7092,959.00,-32.57143,84.02, -,9.140412
52.20,792.7092,959.00,-32.57143,84.02, -,9.140412
52.25,789.8557,959.10,-35.28571,84.02, -,9.140412
52.30,787.0007,959.20,-35.28571,84.02, -,9.140412
52.35,787.0007,959.20,-35.28571,84.02, -,9.140412
52.40,787.0007,959.20,-32.57143,84.02, -,9.140412
52.45,784.1477,959.30,-32.57143,84.02, -,9.140412
52.50,784.1477,959.30,-29.85714,84.02, -,9.140412
52.55,784.1477,959.30,-27.14286,84.02, -,9.15986
52.60,781.2932,959.40,-27.14286,84.02, -,9.15986
52.65,781.2932,959.40,-24.42857,84.02, -,9.15986
52.70,778.4407,959.50,-27.14286,84.02, -,9.15986
52.75,778.4407,959.50,-24.42857,84.02, -,9.15986
52.80,778.4407,959.50,-24.42857,84.02, -,9.15986
52.85,775.5884,959.60,-27.14286,84.02, -,9.15986
52.90,775.5884,959.60,-27.14286,84.02, -,9.15986
52.95,772.7346,959.70,-27.14286,84.02, -,9.15986
53.00,772.7346,959.70,-27.14286,84.02, -,9.15986
53.05,772.7346,959.70,-24.42857,84.02, -,9.15986
53.10,772.7346,959.70,-24.42857,84.02, -,9.15986
53.15,769.8828,959.80,-24.42857,84.02, -,9.15986
53.20,767.0295,959.90,-24.42857,84.02, -,9.15986
53.25,767.0295,959.90,-24.42857,84.02, -,9.15986
53.30,764.1782,960.00,-24.42857,84.02, -,9.15986
53.35,761.3271,960.10,-24.42857,84.02, -,9.15986
53.40,758.4745,960.20,-27.14286,84.02, -,9.15986
53.45,758.4745,960.20,-27.14286,84.02, -,9.15986
53.50,758.4745,960.20,-24.42857,84.02, -,9.15986
53.55,755.6239,960.30,-27.14286,84.02, -,9.15986
53.60,752.7718,960.40,-29.85714,84.02, -,9.15986
53.65,752.7718,960.40,-27.14286,84.02, -,9.15986
53.70,752.7718,960.40,-27.14286,84.02, -,9.15986
53.75,752.7718,960.40,-24.42857,84.02, -,9.15986
53.80,749.9217,960.50,-27.14286,84.02, -,9.15986
53.85,747.0718,960.60,-29.85714,84.02, -,9.15986
53.90,747.0718,960.60,-27.14286,84.02, -,9.15986
53.95,744.2204,960.70,-29.85714,84.02, -,9.15986
54.00,741.371,960.80,-29.85714,84.02, -,9.15986
54.05,741.371,960.80,-29.85714,84.02, -,9.15986
54.10,738.5201,960.90,-32.57143,84.02, -,9.15986
54.15,738.5201,960.90,-32.57143,84.02, -,9.15986
54.20,738.5201,960.90,-29.85714,84.02, -,9.15986
54.25,735.6712,961.00,-29.85714,84.02, -,9.15986
54.30,732.8225,961.10,-32.57143,84.02, -,9.15986
54.35,732.8225,961.10,-29.85714,84.02, -,9.15986
54.40,732.8225,961.10,-27.14286,84.02, -,9.15986
54.45,732.8225,961.10,-24.42857,84.02, -,9.15986
54.50,729.9724,961.20,-27.14286,84.02, -,9.15986
54.55,732.8225,961.10,-24.42857,84.02, -,9.15986
54.60,729.9724,961.20,-24.42857,84.02, -,9.15986
54.65,727.1241,961.30,-24.42857,84.02, -,9.15986
54.70,727.1241,961.30,-24.42857,84.02, -,9.15986
54.75,727.1241,961.30,-24.42857,84.02, -,9.15986
54.80,727.1241,961.30,-24.42857,84.02, -,9.15986
54.85,724.2745,961.40,-24.42857,84.02, -,9.15986
54.90,724.2745,961.40,-21.71428,84.02, -,9.15986
54.95,724.2745,961.40,-21.71428,84.02, -,9.15986
55.00,724.2745,961.40,-19,84.02, -,9.15986
55.05,724.2745,961.40,-16.28572,84.02, -,9.15986
55.10,724.2745,961.40,-16.28572,84.02, -,9.15986
55.15,721.4268,961.50,-16.28572,84.02, -,9.15986
55.20,718.5792,961.60,-19,84.02, -,9.15986
55.25,718.5792,961.60,-19,84.02, -,9.15986
55.30,715.7303,961.70,-19,84.02, -,9.15986
55.35,712.8833,961.80,-19,84.02, -,9.15986
55.40,710.0348,961.90,-21.71428,84.02, -,9.15986
55.45,710.0348,961.90,-21.71428,84.02, -,9.15986
55.50,710.0348,961.90,-21.71428,84.02, -,9.15986
55.55,707.1882,962.00,-21.71428,84.02, -,9.15986
55.60,704.342,962.10,-27.14286,84.02, -,9.15986
55.65,704.342,962.10,-24.42857,84.02, -,9.15986
55.70,704.342,962.10,-21.71428,84.02, -,9.15986
55.75,701.4942,962.20,-24.42857,84.02, -,9.15986
55.80,698.6484,962.30,-27.14286,84.02, -,9.15986
55.85,695.8011,962.40,-29.85714,84.02, -,9.15986
55.90,692.9557,962.50,-29.85714,84.02, -,9.15986
55.95,692.9557,962.50,-29.85714,84.02, -,9.15986
56.00,690.1107,962.60,-32.57143,84.02, -,9.15986
56.05,687.2641,962.70,-35.28571,84.02, -,9.15986
56.10,684.4195,962.80,-38,84.02, -,9.15986
56.15,684.4195,962.80,-38,84.02, -,9.15986
56.20,681.5734,962.90,-38,84.02, -,9.15986
56.25,681.5734,962.90,-35.28571,84.02, -,9.15986
56.30,678.7292,963.00,-38,84.02, -,9.15986
56.35,678.7292,963.00,-35.28571,84.02, -,9.15986
56.40,678.7292,963.00,-32.57143,84.02, -,9.15986
56.45,678.7292,963.00,-29.85714,84.02, -,9.15986
56.50,678.7292,963.00,-29.85714,84.02, -,9.15986
56.55,678.7292,963.00,-29.85714,84.02, -,9.140412
56.60,675.8854,963.10,-29.85714,84.02, -,9.140412
56.65,675.8854,963.10,-27.14286,84.02, -,9.140412
56.70,675.8854,963.10,-27.14286,84.02, -,9.140412
56.75,673.04,963.20,-29.85714,84.02, -,9.140412
56.80,673.04,963.20,-27.14286,84.02, -,9.140412
56.85,673.04,963.20,-24.42857,84.02, -,9.140412
56.90,670.1966,963.30,-24.42857,84.02, -,9.140412
56.95,670.1966,963.30,-21.71428,84.02, -,9.140412
57.00,667.3517,963.40,-24.42857,84.02, -,9.140412
57.05,664.5087,963.50,-24.42857,84.02, -,9.140412
57.10,661.6661,963.60,-24.42857,84.02, -,9.140412
57.15,661.6661,963.60,-21.71428,84.02, -,9.140412
57.20,658.8218,963.70,-24.42857,84.02, -,9.140412
57.25,658.8218,963.70,-21.71428,84.02, -,9.140412
57.30,658.8218,963.70,-21.71428,84.02, -,9.140412
57.35,655.9797,963.80,-21.71428,84.02, -,9.140412
57.40,653.1359,963.90,-24.42857,84.02, -,9.140412
57.45,655.9797,963.80,-21.71428,84.02, -,9.140412
57.50,653.1359,963.90,-24.42857,84.02, -,9.140412
57.55,653.1359,963.90,-24.42857,84.02, -,9.140412
57.60,650.2942,964.00,-27.14286,84.02, -,9.140412
57.65,650.2942,964.00,-24.42857,84.02, -,9.140412
57.70,647.4527,964.10,-27.14286,84.02, -,9.140412
57.75,647.4527,964.10,-27.14286,84.02, -,9.140412
57.80,644.6097,964.20,-27.14286,84.02, -,9.140412
57.85,644.6097,964.20,-27.14286,84.02, -,9.140412
57.90,641.7687,964.30,-29.85714,84.02, -,9.140412
57.95,641.7687,964.30,-27.14286,84.02, -,9.140412
58.00,638.9261,964.40,-29.85714,84.02, -,9.140412
58.05,638.9261,964.40,-27.14286,84.02, -,9.140412
58.10,636.0856,964.50,-27.14286,84.02, -,9.140412
58.15,638.9261,964.40,-21.71428,84.02, -,9.140412
58.20,636.0856,964.50,-24.42857,84.02, -,9.140412
58.25,633.2453,964.60,-24.42857,84.02, -,9.140412
58.30,630.4035,964.70,-27.14286,84.02, -,9.140412
58.35,627.5637,964.80,-29.85714,84.02, -,9.140412
58.40,621.883,965.00,-32.57143,84.02, -,9.140412
58.45,619.0439,965.10,-32.57143,84.02, -,9.140412
58.50,616.2033,965.20,-38,84.02, -,9.140412
58.55,613.3646,965.30,-38,84.02, -,9.15986
58.60,610.5245,965.40,-40.71429,84.02, -,9.15986
58.65,607.6863,965.50,-40.71429,84.02, -,9.15986
58.70,604.8484,965.60,-43.42857,84.02, -,9.15986
58.75,604.8484,965.60,-40.71429,84.02, -,9.15986
58.80,604.8484,965.60,-40.71429,84.02, -,9.15986
58.85,604.8484,965.60,-38,84.02, -,9.15986
58.90,604.8484,965.60,-38,84.02, -,9.15986
58.95,604.8484,965.60,-35.28571,84.02, -,9.15986
59.00,604.8484,965.60,-35.28571,84.02, -,9.15986
59.05,602.009,965.70,-35.28571,84.02, -,9.15986
59.10,602.009,965.70,-35.28571,84.02, -,9.15986
59.15,602.009,965.70,-32.57143,84.02, -,9.15986
59.20,602.009,965.70,-35.28571,84.02, -,9.15986
59.25,602.009,965.70,-32.57143,84.02, -,9.15986
59.30,599.1716,965.80,-32.57143,84.02, -,9.15986
59.35,599.1716,965.80,-29.85714,84.02, -,9.15986
59.40,599.1716,965.80,-27.14286,84.02, -,9.15986
59.45,596.3326,965.90,-24.42857,84.02, -,9.15986
59.50,596.3326,965.90,-21.71428,84.02, -,6.320498
59.55,596.3326,965.90,-19,84.02, -,6.320498
59.60,596.3326,965.90,-16.28572,84.02, -,6.320498
59.65,596.3326,965.90,-13.57143,84.02, -,6.320498
59.70,593.4957,966.00,-13.57143,84.02, -,6.320498
59.75,590.6589,966.10,-13.57143,84.02, -,6.320498
59.80,590.6589,966.10,-13.57143,84.02, -,6.320498
59.85,587.8207,966.20,-16.28572,84.02, -,6.320498
59.90,587.8207,966.20,-16.28572,84.02, -,6.320498
59.95,587.8207,966.20,-16.28572,84.02, -,6.320498
60.00,584.9844,966.30,-19,84.02, -,6.320498
60.05,584.9844,966.30,-19,84.02, -,6.320498
60.10,582.1467,966.40,-19,84.02, -,6.320498
60.15,582.1467,966.40,-19,84.02, -,6.320498
60.20,579.3109,966.50,-21.71428,84.02, -,6.320498
60.25,579.3109,966.50,-21.71428,84.02, -,6.320498
60.30,579.3109,966.50,-21.71428,84.02, -,6.320498
60.35,576.4753,966.60,-21.71428,84.02, -,6.320498
60.40,576.4753,966.60,-21.71428,84.02, -,6.320498
60.45,573.6383,966.70,-24.42857,84.02, -,6.320498
60.50,570.8032,966.80,-24.42857,84.02, -,6.320498
60.55,567.9667,966.90,-27.14286,84.02, -,9.062621
60.60,565.1321,967.00,-29.85714,84.02, -,9.062621
60.65,562.2977,967.10,-32.57143,84.02, -,9.062621
60.70,559.4619,967.20,-35.28571,84.02, -,9.062621
60.75,559.4619,967.20,-32.57143,84.02, -,9.062621
60.80,559.4619,967.20,-29.85714,84.02, -,9.062621
60.85,559.4619,967.20,-29.85714,84.02, -,9.062621
60.90,559.4619,967.20,-27.14286,84.02, -,9.062621
60.95,556.628,967.30,-29.85714,84.02, -,9.062621
61.00,553.7926,967.40,-32.57143,84.02, -,9.062621
61.05,550.9592,967.50,-32.57143,84.02, -,9.062621
61.10,548.126,967.60,-35.28571,84.02, Main,9.062621
61.15,548.126,967.60,-32.57143,84.02, -,9.062621
61.20,548.126,967.60,-32.57143,84.02, -,9.062621
61.25,548.126,967.60,-29.85714,84.02, -,9.062621
61.30,548.126,967.60,-29.85714,84.02, -,9.062621
61.35,548.126,967.60,-29.85714,84.02, -,9.062621
61.40,545.2914,967.70,-29.85714,84.02, -,9.062621
61.45,545.2914,967.70,-29.85714,84.02, -,9.062621
61.50,545.2914,967.70,-27.14286,84.02, -,9.101517
61.55,545.2914,967.70,-24.42857,84.02, -,9.101517
61.60,545.2914,967.70,-21.71428,84.02, -,9.101517
61.65,542.4587,967.80,-21.71428,84.02, -,9.101517
61.70,539.6245,967.90,-21.71428,84.02, -,9.101517
61.75,539.6245,967.90,-19,84.02, -,9.101517
61.80,536.7922,968.00,-21.71428,84.02, -,9.101517
61.85,533.9603,968.10,-24.42857,84.02, -,9.101517
61.90,531.1268,968.20,-27.14286,84.02, -,9.101517
61.95,528.2952,968.30,-29.85714,84.02, -,9.101517
62.00,525.4623,968.40,-29.85714,84.02, -,9.101517
62.05,522.6312,968.50,-29.85714,84.02, -,9.101517
62.10,522.6312,968.50,-27.14286,84.02, -,9.101517
62.15,519.8004,968.60,-27.14286,84.02, -,9.101517
62.20,516.9681,968.70,-29.85714,84.02, -,9.101517
62.25,516.9681,968.70,-29.85714,84.02, -,9.101517
62.30,519.8004,968.60,-27.14286,84.02, -,9.101517
62.35,519.8004,968.60,-27.14286,84.02, -,9.101517
62.40,516.9681,968.70,-29.85714,84.02, -,9.101517
62.45,514.1378,968.80,-29.85714,84.02, -,9.101517
62.50,511.306,968.90,-32.57143,84.02, -,9.101517
62.55,508.4761,969.00,-35.28571,84.02, -,9.120965
62.60,505.6465,969.10,-38,84.02, -,9.120965
62.65,505.6465,969.10,-38,84.02, -,9.120965
62.70,505.6465,969.10,-35.28571,84.02, -,9.120965
62.75,505.6465,969.10,-32.57143,84.02, -,9.120965
62.80,505.6465,969.10,-32.57143,84.02, -,9.120965
62.85,508.4761,969.00,-27.14286,84.02, -,9.120965
62.90,508.4761,969.00,-24.42857,84.02, -,9.120965
62.95,505.6465,969.10,-24.42857,84.02, -,9.120965
63.00,505.6465,969.10,-21.71428,84.02, -,9.120965
63.05,502.8154,969.20,-21.71428,84.02, -,9.120965
63.10,502.8154,969.20,-19,84.02, -,9.120965
63.15,499.9862,969.30,-21.71428,84.02, -,9.120965
63.20,499.9862,969.30,-19,84.02, -,9.120965
63.25,497.1556,969.40,-19,84.02, -,9.120965
63.30,497.1556,969.40,-19,84.02, -,9.120965
63.35,494.3269,969.50,-24.42857,84.02, -,9.120965
63.40,494.3269,969.50,-24.42857,84.02, -,9.120965
63.45,494.3269,969.50,-21.71428,84.02, -,9.120965
63.50,491.4985,969.60,-21.71428,84.02, -,9.120965
63.55,488.6685,969.70,-21.71428,84.02, -,9.120965
63.60,488.6685,969.70,-19,84.02, -,9.120965
63.65,488.6685,969.70,-16.28572,84.02, -,9.120965
63.70,485.8406,969.80,-19,84.02, -,9.120965
63.75,483.0111,969.90,-21.71428,84.02, -,9.120965
63.80,480.1836,970.00,-24.42857,84.02, -,9.120965
63.85,474.5276,970.20,-29.80952,84.02, -,9.120965
63.90,471.7008,970.30,-35.23809,84.02, -,9.120965
63.95,468.8725,970.40,-37.95238,84.02, -,9.120965
64.00,468.8725,970.40,-35.23809,84.02, -,9.120965
64.05,468.8725,970.40,-35.23809,84.02, -,9.120965
64.10,466.0462,970.50,-35.23809,84.02, -,9.120965
64.15,468.8725,970.40,-32.52381,84.02, -,9.120965
64.20,471.7008,970.30,-27.09524,84.02, -,9.120965
64.25,471.7008,970.30,-27.09524,84.02, -,9.120965
64.30,471.7008,970.30,-24.38095,84.02, -,9.120965
64.35,468.8725,970.40,-27.09524,84.02, -,9.120965
64.40,468.8725,970.40,-24.38095,84.02, -,9.120965
64.45,468.8725,970.40,-24.38095,84.02, -,9.120965
64.50,466.0462,970.50,-27.09524,84.02, -,9.120965
64.55,466.0462,970.50,-24.38095,83.84, -,9.120965
64.60,463.2202,970.60,-24.38095,83.84, -,9.120965
64.65,463.2202,970.60,-24.38095,83.84, -,9.120965
64.70,460.3926,970.70,-27.09524,83.84, -,9.120965
64.75,457.567,970.80,-27.09524,83.84, -,9.120965
64.80,454.7399,970.90,-27.09524,83.84, -,9.120965
64.85,449.0898,971.10,-29.76191,83.84, -,9.120965
64.90,446.2634,971.20,-27.09524,83.84, -,9.120965
64.95,443.439,971.30,-27.04762,83.84, -,9.120965
65.00,443.439,971.30,-24.33333,83.84, -,9.120965
65.05,440.6131,971.40,-27.04762,83.84, -,9.120965
65.10,440.6131,971.40,-27.04762,83.84, -,9.120965
65.15,437.7891,971.50,-27,83.84, -,9.120965
65.20,437.7891,971.50,-29.71428,83.84, -,9.120965
65.25,434.9654,971.60,-35.09524,83.84, -,9.120965
65.30,432.1402,971.70,-37.80952,83.84, -,9.120965
65.35,432.1402,971.70,-37.80952,83.84, -,9.120965
65.40,429.3169,971.80,-37.76191,83.84, -,9.120965
65.45,429.3169,971.80,-37.76191,83.84, -,9.120965
65.50,429.3169,971.80,-37.76191,83.84, -,9.120965
65.55,432.1402,971.70,-32.38095,83.84, -,9.120965
65.60,432.1402,971.70,-32.38095,83.84, -,9.120965
65.65,437.7891,971.50,-24.28572,83.84, -,9.120965
65.70,437.7891,971.50,-24.28572,83.84, -,9.120965
65.75,437.7891,971.50,-21.57143,83.84, -,9.120965
65.80,434.9654,971.60,-21.52381,83.84, -,9.120965
65.85,434.9654,971.60,-18.80952,83.84, -,9.120965
65.90,432.1402,971.70,-16.14286,83.84, -,9.120965
65.95,432.1402,971.70,-13.42857,83.84, -,9.120965
66.00,429.3169,971.80,-13.42857,83.84, -,9.120965
66.05,429.3169,971.80,-13.42857,83.84, -,9.120965
66.10,429.3169,971.80,-10.71429,83.84, -,9.120965
66.15,426.4922,971.90,-13.38095,83.84, -,9.120965
66.20,426.4922,971.90,-10.71429,83.84, -,9.120965
66.25,423.6694,972.00,-13.38095,83.84, -,9.120965
66.30,423.6694,972.00,-10.71429,83.84, -,9.120965
66.35,420.8469,972.10,-10.66667,83.84, -,9.120965
66.40,418.0228,972.20,-13.33333,83.84, -,9.120965
66.45,412.3772,972.40,-16.04762,83.84, -,9.120965
66.50,409.5556,972.50,-18.71428,83.84, -,9.120965
66.55,406.7342,972.60,-21.38095,83.84, -,9.120965
66.60,403.9113,972.70,-26.71428,83.84, -,9.120965
66.65,401.0904,972.80,-29.38095,83.84, -,9.120965
66.70,401.0904,972.80,-34.76191,83.84, -,9.120965
66.75,401.0904,972.80,-34.76191,83.84, -,9.120965
66.80,398.268,972.90,-37.42857,83.84, -,9.120965
66.85,398.268,972.90,-34.76191,83.84, -,9.120965
66.90,398.268,972.90,-34.76191,83.84, -,9.120965
66.95,398.268,972.90,-32.04762,83.84, -,9.120965
67.00,398.268,972.90,-32.04762,83.84, -,9.120965
67.05,401.0904,972.80,-26.71428,83.84, -,9.120965
67.10,398.268,972.90,-29.38095,83.84, -,9.120965
67.15,401.0904,972.80,-26.71428,83.84, -,9.120965
67.20,401.0904,972.80,-24.04762,83.84, -,9.120965
67.25,401.0904,972.80,-24.04762,83.84, -,9.120965
67.30,398.268,972.90,-24.04762,83.84, -,9.120965
67.35,395.4476,973.00,-26.71428,83.84, -,9.120965
67.40,395.4476,973.00,-24.04762,83.84, -,9.120965
67.45,395.4476,973.00,-21.38095,83.84, -,9.120965
67.50,392.6274,973.10,-18.66667,83.84, -,9.120965
67.55,389.8057,973.20,-18.66667,83.84, -,9.120965
67.60,389.8057,973.20,-16,83.84, -,9.120965
67.65,386.986,973.30,-16,83.84, -,9.120965
67.70,384.1648,973.40,-16,83.84, -,9.120965
67.75,381.3455,973.50,-18.66667,83.84, -,9.120965
67.80,381.3455,973.50,-18.66667,83.84, -,9.120965
67.85,375.706,973.70,-21.38095,83.84, -,9.120965
67.90,372.8874,973.80,-24.04762,83.84, -,9.120965
67.95,372.8874,973.80,-24.04762,83.84, -,9.120965
68.00,372.8874,973.80,-24.04762,83.84, -,9.120965
68.05,370.0674,973.90,-26.71428,83.84, -,9.120965
68.10,367.2493,974.00,-32.04762,83.84, -,9.120965
68.15,367.2493,974.00,-29.38095,83.84, -,9.120965
68.20,364.4314,974.10,-34.71429,83.84, -,9.120965
68.25,364.4314,974.10,-34.71429,83.84, -,9.120965
68.30,364.4314,974.10,-34.71429,83.84, -,9.120965
68.35,361.6121,974.20,-34.71429,83.84, -,9.120965
68.40,361.6121,974.20,-32.04762,83.84, -,9.120965
68.45,358.7947,974.30,-34.71429,83.84, -,9.120965
68.50,358.7947,974.30,-34.71429,83.84, -,9.120965
68.55,355.9758,974.40,-34.71429,83.84, -,9.120965
68.60,355.9758,974.40,-32.04762,83.84, -,9.120965
68.65,355.9758,974.40,-32.04762,83.84, -,9.120965
68.70,355.9758,974.40,-29.38095,83.84, -,9.120965
68.75,355.9758,974.40,-26.71428,83.84, -,9.120965
68.80,355.9758,974.40,-24.04762,83.84, -,9.120965
68.85,355.9758,974.40,-24.04762,83.84, -,9.120965
68.90,355.9758,974.40,-18.66667,83.84, -,9.120965
68.95,355.9758,974.40,-16,83.84, -,9.120965
69.00,355.9758,974.40,-16,83.84, -,9.120965
69.05,355.9758,974.40,-16,83.84, -,9.120965
69.10,355.9758,974.40,-13.33333,83.84, -,9.120965
69.15,353.1589,974.50,-13.33333,83.84, -,9.120965
69.20,353.1589,974.50,-13.33333,83.84, -,9.120965
69.25,350.3422,974.60,-13.33333,83.84, -,9.120965
69.30,350.3422,974.60,-13.33333,83.84, -,9.120965
69.35,347.5241,974.70,-16,83.84, -,9.120965
69.40,347.5241,974.70,-13.33333,83.84, -,9.120965
69.45,344.7079,974.80,-16,83.84, -,9.120965
69.50,344.7079,974.80,-13.33333,83.84, -,9.120965
69.55,341.8901,974.90,-16,83.84, -,9.120965
69.60,341.8901,974.90,-13.33333,83.84, -,9.120965
69.65,339.0744,975.00,-16,83.84, -,9.120965
69.70,336.2589,975.10,-18.66667,83.84, -,9.120965
69.75,336.2589,975.10,-18.66667,83.84, -,9.120965
69.80,333.4419,975.20,-21.33333,83.84, -,9.120965
69.85,330.6268,975.30,-24,83.84, -,9.120965
69.90,330.6268,975.30,-24,83.84, -,9.120965
69.95,327.8103,975.40,-26.66667,83.84, -,9.120965
70.00,324.9957,975.50,-29.33333,83.84, -,9.120965
70.05,324.9957,975.50,-29.33333,83.84, -,9.120965
70.10,322.1814,975.60,-32,83.84, -,9.120965
70.15,322.1814,975.60,-32,83.84, -,9.120965
70.20,319.3655,975.70,-32,83.84, -,9.120965
70.25,319.3655,975.70,-32,83.84, -,9.120965
70.30,316.5517,975.80,-32,83.84, -,9.120965
70.35,316.5517,975.80,-32,83.84, -,9.120965
70.40,316.5517,975.80,-29.33333,83.84, -,9.120965
70.45,313.7363,975.90,-32,83.84, -,9.120965
70.50,313.7363,975.90,-29.33333,83.84, -,9.120965
70.55,310.9229,976.00,-32,83.84, -,9.120965
70.60,310.9229,976.00,-29.33333,83.84, -,9.120965
70.65,308.1097,976.10,-32,83.84, -,9.120965
70.70,308.1097,976.10,-29.33333,83.84, -,9.120965
70.75,308.1097,976.10,-26.66667,83.84, -,9.120965
70.80,308.1097,976.10,-26.66667,83.84, -,9.120965
70.85,308.1097,976.10,-24,83.84, -,9.120965
70.90,305.295,976.20,-24,83.84, -,9.120965
70.95,302.4824,976.30,-26.66667,83.84, -,9.120965
71.00,302.4824,976.30,-24,83.84, -,9.120965
71.05,302.4824,976.30,-21.33333,83.84, -,9.120965
71.10,302.4824,976.30,-21.33333,83.84, -,9.120965
71.15,299.6682,976.40,-21.33333,83.84, -,9.120965
71.20,302.4824,976.30,-18.66667,83.84, -,9.120965
71.25,302.4824,976.30,-16,83.84, -,9.120965
71.30,302.4824,976.30,-16,83.84, -,9.120965
71.35,302.4824,976.30,-13.33333,83.84, -,9.120965
71.40,302.4824,976.30,-13.33333,83.84, -,9.120965
71.45,302.4824,976.30,-13.33333,83.84, -,9.120965
71.50,299.6682,976.40,-13.33333,83.84, -,9.120965
71.55,296.8559,976.50,-16,83.84, -,9.120965
71.60,296.8559,976.50,-13.33333,83.84, -,9.120965
71.65,294.0439,976.60,-16,83.84, -,9.120965
71.70,294.0439,976.60,-13.33333,83.84, -,9.120965
71.75,294.0439,976.60,-13.33333,83.84, -,9.120965
71.80,291.2304,976.70,-16,83.84, -,9.120965
71.85,291.2304,976.70,-16,83.84, -,9.120965
71.90,288.4189,976.80,-18.66667,83.84, -,9.120965
71.95,285.6058,976.90,-18.66667,83.84, -,9.120965
72.00,285.6058,976.90,-16,83.84, -,9.120965
72.05,285.6058,976.90,-16,83.84, -,9.120965
72.10,282.7947,977.00,-18.66667,83.84, -,9.120965
72.15,282.7947,977.00,-18.66667,83.84, -,9.120965
72.20,282.7947,977.00,-16,83.84, -,9.120965
72.25,282.7947,977.00,-18.66667,83.84, -,9.120965
72.30,282.7947,977.00,-18.66667,83.84, -,9.120965
72.35,279.9839,977.10,-21.33333,83.84, -,9.120965
72.40,279.9839,977.10,-21.33333,83.84, -,9.120965
72.45,279.9839,977.10,-21.33333,83.84, -,9.120965
72.50,277.1716,977.20,-24,83.84, -,9.120965
72.55,277.1716,977.20,-21.33333,83.84, -,9.120965
72.60,277.1716,977.20,-18.66667,83.84, -,9.120965
72.65,277.1716,977.20,-18.66667,83.84, -,9.120965
72.70,277.1716,977.20,-16,83.84, -,9.120965
72.75,277.1716,977.20,-16,83.84, -,9.120965
72.80,274.3612,977.30,-18.66667,83.84, -,9.120965
72.85,271.5493,977.40,-18.66667,83.84, -,9.120965
72.90,271.5493,977.40,-18.66667,83.84, -,9.120965
72.95,268.7394,977.50,-18.66667,83.84, -,9.120965
73.00,265.9297,977.60,-18.66667,83.84, -,9.120965
73.05,263.1186,977.70,-21.33333,83.84, -,9.120965
73.10,263.1186,977.70,-21.33333,83.84, -,9.120965
73.15,260.3094,977.80,-21.33333,83.84, -,9.120965
73.20,257.4987,977.90,-24,83.84, -,9.120965
73.25,254.6899,978.00,-26.66667,83.84, -,9.120965
73.30,254.6899,978.00,-26.66667,83.84, -,9.120965
73.35,254.6899,978.00,-26.66667,83.84, -,9.120965
73.40,251.8814,978.10,-26.66667,83.84, -,9.120965
73.45,251.8814,978.10,-26.66667,83.84, -,9.120965
73.50,249.0714,978.20,-29.33333,83.84, -,9.140412
73.55,249.0714,978.20,-26.66667,83.84, -,9.140412
73.60,246.2633,978.30,-29.33333,83.84, -,9.140412
73.65,246.2633,978.30,-29.33333,83.84, -,9.140412
73.70,246.2633,978.30,-29.33333,83.84, -,9.140412
73.75,246.2633,978.30,-29.33333,83.84, -,9.140412
73.80,243.4538,978.40,-32,83.84, -,9.140412
73.85,243.4538,978.40,-29.33333,83.84, -,9.140412
73.90,243.4538,978.40,-26.66667,83.84, -,9.140412
73.95,243.4538,978.40,-26.66667,83.84, -,9.140412
74.00,243.4538,978.40,-24,83.84, -,9.140412
74.05,243.4538,978.40,-21.33333,83.84, -,9.140412
74.10,243.4538,978.40,-18.66667,83.84, -,9.140412
74.15,243.4538,978.40,-18.66667,83.84, -,9.140412
74.20,243.4538,978.40,-16,83.84, -,9.140412
74.25,243.4538,978.40,-13.33333,83.84, -,9.140412
74.30,240.6462,978.50,-13.33333,83.84, -,9.140412
74.35,240.6462,978.50,-13.33333,83.84, -,9.140412
74.40,237.8388,978.60,-16,83.84, -,9.140412
74.45,235.03,978.70,-16,83.84, -,9.140412
74.50,232.2231,978.80,-18.66667,83.84, -,9.140412
74.55,229.4147,978.90,-18.66667,83.84, -,9.120965
74.60,229.4147,978.90,-18.66667,83.84, -,9.120965
74.65,226.6083,979.00,-18.66667,83.84, -,9.120965
74.70,223.8021,979.10,-21.33333,83.84, -,9.120965
74.75,220.9944,979.20,-24,83.84, -,9.120965
74.80,220.9944,979.20,-24,83.84, -,9.120965
74.85,218.1887,979.30,-24,83.84, -,9.120965
74.90,218.1887,979.30,-24,83.84, -,9.120965
74.95,218.1887,979.30,-24,83.84, -,9.120965
75.00,215.3815,979.40,-26.66667,83.84, -,9.120965
75.05,215.3815,979.40,-26.66667,83.84, -,9.120965
75.10,212.5762,979.50,-29.33333,83.84, -,9.120965
75.15,212.5762,979.50,-29.33333,83.84, -,9.120965
75.20,209.7712,979.60,-32,83.84, -,9.120965
75.25,206.9647,979.70,-34.66667,83.84, -,9.120965
75.30,206.9647,979.70,-34.66667,83.84, -,9.120965
75.35,204.1601,979.80,-34.66667,83.84, -,9.120965
75.40,204.1601,979.80,-34.66667,83.84, -,9.120965
75.45,204.1601,979.80,-32,83.84, -,9.120965
75.50,204.1601,979.80,-29.33333,83.84, -,9.140412
75.55,204.1601,979.80,-26.66667,83.84, -,9.140412
75.60,204.1601,979.80,-24,83.84, -,9.140412
75.65,204.1601,979.80,-24,83.84, -,9.140412
75.70,201.354,979.90,-24,83.84, -,9.140412
75.75,201.354,979.90,-21.33333,83.84, -,9.140412
75.80,198.5499,980.00,-21.33333,83.84, -,9.140412
75.85,198.5499,980.00,-21.33333,83.84, -,9.140412
75.90,198.5499,980.00,-18.66667,83.84, -,9.140412
75.95,195.746,980.10,-21.33333,83.84, -,9.140412
76.00,195.746,980.10,-21.33333,83.84, -,9.140412
76.05,195.746,980.10,-18.66667,83.84, -,9.140412
76.10,192.9407,980.20,-21.33333,83.84, -,9.140412
76.15,192.9407,980.20,-18.66667,83.84, -,9.140412
76.20,190.1373,980.30,-21.33333,83.84, -,9.140412
76.25,190.1373,980.30,-18.66667,83.84, -,9.140412
76.30,190.1373,980.30,-16,83.84, -,9.140412
76.35,190.1373,980.30,-16,83.84, -,9.140412
76.40,190.1373,980.30,-13.33333,83.84, -,9.140412
76.45,187.3324,980.40,-16,83.84, -,9.140412
76.50,187.3324,980.40,-16,83.84, -,9.140412
76.55,184.5294,980.50,-18.66667,83.84, -,9.140412
76.60,184.5294,980.50,-18.66667,83.84, -,9.140412
76.65,181.7267,980.60,-21.33333,83.84, -,9.140412
76.70,181.7267,980.60,-21.33333,83.84, -,9.140412
76.75,178.9225,980.70,-21.33333,83.84, -,9.140412
76.80,176.1202,980.80,-24,83.84, -,9.140412
76.85,176.1202,980.80,-21.33333,83.84, -,9.140412
76.90,176.1202,980.80,-21.33333,83.84, -,9.140412
76.95,176.1202,980.80,-21.33333,83.84, -,9.140412
77.00,176.1202,980.80,-18.66667,83.84, -,9.140412
77.05,176.1202,980.80,-18.66667,83.84, -,9.140412
77.10,176.1202,980.80,-18.66667,83.84, -,9.140412
77.15,176.1202,980.80,-16,83.84, -,9.140412
77.20,176.1202,980.80,-16,83.84, -,9.140412
77.25,176.1202,980.80,-13.33333,83.84, -,9.140412
77.30,173.3165,980.90,-16,83.84, -,9.140412
77.35,173.3165,980.90,-16,83.84, -,9.140412
77.40,173.3165,980.90,-16,83.84, -,9.140412
77.45,170.5147,981.00,-18.66667,83.84, -,9.140412
77.50,170.5147,981.00,-16,83.84, -,9.140412
77.55,167.7132,981.10,-18.66667,83.84, -,9.140412
77.60,164.9101,981.20,-18.66667,83.84, -,9.140412
77.65,159.3064,981.40,-24,83.84, -,9.140412
77.70,156.5058,981.50,-24,83.84, -,9.140412
77.75,153.7054,981.60,-26.66667,83.84, -,9.140412
77.80,150.9035,981.70,-26.66667,83.84, -,9.140412
77.85,150.9035,981.70,-24,83.84, -,9.140412
77.90,150.9035,981.70,-24,83.84, -,9.140412
77.95,150.9035,981.70,-24,83.84, -,9.140412
78.00,148.1035,981.80,-26.66667,83.84, -,9.140412
78.05,148.1035,981.80,-26.66667,83.84, -,9.140412
78.10,145.3021,981.90,-29.33333,83.84, -,9.140412
78.15,145.3021,981.90,-29.33333,83.84, -,9.140412
78.20,145.3021,981.90,-29.33333,83.84, -,9.140412
78.25,142.5026,982.00,-32,83.84, -,9.140412
78.30,139.7034,982.10,-34.66667,83.84, -,9.140412
78.35,139.7034,982.10,-32,83.84, -,9.140412
78.40,136.9027,982.20,-34.66667,83.84, -,9.140412
78.45,139.7034,982.10,-32,83.84, -,9.140412
78.50,139.7034,982.10,-29.33333,83.84, -,9.140412
78.55,139.7034,982.10,-29.33333,83.84, -,9.120965
78.60,136.9027,982.20,-29.33333,83.84, -,9.120965
78.65,134.1039,982.30,-29.33333,83.84, -,9.120965
78.70,134.1039,982.30,-24,83.84, -,9.120965
78.75,134.1039,982.30,-21.33333,83.84, -,9.120965
78.80,134.1039,982.30,-18.66667,83.84, -,9.120965
78.85,134.1039,982.30,-16,83.84, -,9.120965
78.90,134.1039,982.30,-16,83.84, -,9.120965
78.95,136.9027,982.20,-13.33333,83.84, -,9.120965
79.00,136.9027,982.20,-13.33333,83.84, -,9.120965
79.05,134.1039,982.30,-13.33333,83.84, -,9.120965
79.10,134.1039,982.30,-13.33333,83.84, -,9.120965
79.15,134.1039,982.30,-10.66667,83.84, -,9.120965
79.20,131.3036,982.40,-13.33333,83.84, -,9.120965
79.25,131.3036,982.40,-13.33333,83.84, -,9.120965
79.30,128.5053,982.50,-13.33333,83.84, -,9.120965
79.35,128.5053,982.50,-10.66667,83.84, -,9.120965
79.40,128.5053,982.50,-10.66667,83.84, -,9.120965
79.45,125.7072,982.60,-10.66667,83.84, -,9.120965
79.50,125.7072,982.60,-13.33333,83.84, -,9.120965
79.55,125.7072,982.60,-13.33333,83.84, -,9.120965
79.60,122.9076,982.70,-16,83.84, -,9.120965
79.65,122.9076,982.70,-13.33333,83.84, -,9.120965
79.70,122.9076,982.70,-10.66667,83.84, -,9.120965
79.75,120.1099,982.80,-13.33333,83.84, -,9.120965
79.80,120.1099,982.80,-13.33333,83.84, -,9.120965
79.85,117.3108,982.90,-16,83.84, -,9.120965
79.90,114.5137,983.00,-18.66667,83.84, -,9.120965
79.95,108.9183,983.20,-24,83.84, -,9.120965
80.00,106.1218,983.30,-29.33333,83.84, -,9.120965
80.05,103.3238,983.40,-32,83.84, -,9.120965
80.10,100.5278,983.50,-32,83.84, -,9.120965
80.15,100.5278,983.50,-32,83.84, -,9.120965
80.20,100.5278,983.50,-32,83.84, -,9.120965
80.25,97.73201,983.60,-32,83.84, -,9.120965
80.30,97.73201,983.60,-32,83.84, -,9.120965
80.35,94.93474,983.70,-32,83.84, -,9.120965
80.40,94.93474,983.70,-32,83.84, -,9.120965
80.45,92.1394,983.80,-34.66667,83.84, -,9.120965
80.50,92.1394,983.80,-32,83.84, -,9.120965
80.55,92.1394,983.80,-32,83.66, -,9.120965
80.60,92.1394,983.80,-32,83.66, -,9.120965
80.65,92.1394,983.80,-29.33333,83.66, -,9.120965
80.70,92.1394,983.80,-29.33333,83.66, -,9.120965
80.75,92.1394,983.80,-29.33333,83.66, -,9.120965
80.80,89.34259,983.90,-29.33333,83.66, -,9.120965
80.85,86.54771,984.00,-32,83.66, -,9.120965
80.90,83.75307,984.10,-32,83.66, -,9.120965
80.95,80.95695,984.20,-32,83.66, -,9.120965
81.00,80.95695,984.20,-26.66667,83.66, -,9.120965
81.05,80.95695,984.20,-24,83.66, -,9.120965
81.10,80.95695,984.20,-21.33333,83.66, -,9.120965
81.15,80.95695,984.20,-18.66667,83.66, -,9.120965
81.20,80.95695,984.20,-18.66667,83.66, -,9.120965
81.25,80.95695,984.20,-18.66667,83.66, -,9.120965
81.30,80.95695,984.20,-16,83.66, -,9.120965
81.35,80.95695,984.20,-16,83.66, -,9.120965
81.40,78.16277,984.30,-16,83.66, -,9.120965
81.45,75.3671,984.40,-18.66667,83.66, -,9.120965
81.50,72.57338,984.50,-18.66667,83.66, -,9.140412
81.55,72.57338,984.50,-18.66667,83.66, -,9.140412
81.60,69.77988,984.60,-21.33333,83.66, -,9.140412
81.65,66.98491,984.70,-24,83.66, -,9.140412
81.70,66.98491,984.70,-24,83.66, -,9.140412
81.75,66.98491,984.70,-24,83.66, -,9.140412
81.80,66.98491,984.70,-24,83.66, -,9.140412
81.85,64.19187,984.80,-24,83.66, -,9.140412
81.90,64.19187,984.80,-21.33333,83.66, -,9.140412
81.95,61.39736,984.90,-21.33333,83.66, -,9.140412
82.00,61.39736,984.90,-18.66667,83.66, -,9.140412
82.05,58.60478,985.00,-21.33333,83.66, -,9.140412
82.10,58.60478,985.00,-21.33333,83.66, -,9.140412
82.15,61.39736,984.90,-18.66667,83.66, -,9.140412
82.20,61.39736,984.90,-18.66667,83.66, -,9.140412
82.25,58.60478,985.00,-21.33333,83.66, -,9.140412
82.30,61.39736,984.90,-18.66667,83.66, -,9.140412
82.35,58.60478,985.00,-21.33333,83.66, -,9.140412
82.40,58.60478,985.00,-21.33333,83.66, -,9.140412
82.45,55.81243,985.10,-21.33333,83.66, -,9.140412
82.50,55.81243,985.10,-18.66667,83.66, -,9.140412
82.55,53.01861,985.20,-18.66667,83.66, -,9.120965
82.60,50.22672,985.30,-21.33333,83.66, -,9.120965
82.65,47.43336,985.40,-21.33333,83.66, -,9.120965
82.70,47.43336,985.40,-18.66667,83.66, -,9.120965
82.75,44.64193,985.50,-21.33333,83.66, -,9.120965
82.80,41.85072,985.60,-24,83.66, -,9.120965
82.85,39.05805,985.70,-26.66667,83.66, -,9.120965
82.90,39.05805,985.70,-24,83.66, -,9.120965
82.95,39.05805,985.70,-24,83.66, -,9.120965
83.00,39.05805,985.70,-21.33333,83.66, -,9.120965
83.05,39.05805,985.70,-21.33333,83.66, -,9.120965
83.10,39.05805,985.70,-18.66667,83.66, -,9.120965
83.15,39.05805,985.70,-18.66667,83.66, -,9.120965
83.20,36.26731,985.80,-24,83.66, -,9.120965
83.25,33.47509,985.90,-26.66667,83.66, -,9.120965
83.30,33.47509,985.90,-24,83.66, -,9.120965
83.35,30.6848,986.00,-29.33333,83.66, -,9.120965
83.40,30.6848,986.00,-26.66667,83.66, -,9.120965
83.45,30.6848,986.00,-26.66667,83.66, -,9.120965
83.50,30.6848,986.00,-24,83.66, -,9.140412
83.55,27.89475,986.10,-26.66667,83.66, -,9.140412
83.60,25.10322,986.20,-26.66667,83.66, -,9.140412
83.65,25.10322,986.20,-24,83.66, -,9.140412
83.70,25.10322,986.20,-21.33333,83.66, -,9.140412
83.75,25.10322,986.20,-21.33333,83.66, -,9.140412
83.80,25.10322,986.20,-18.66667,83.66, -,9.140412
83.85,22.31362,986.30,-18.66667,83.66, -,9.140412
83.90,22.31362,986.30,-16,83.66, -,9.140412
83.95,19.52255,986.40,-18.66667,83.66, -,9.140412
84.00,19.52255,986.40,-18.66667,83.66, -,9.140412
84.05,19.52255,986.40,-18.66667,83.66, -,9.140412
84.10,19.52255,986.40,-18.66667,83.66, -,9.140412
84.15,19.52255,986.40,-18.66667,83.66, -,9.140412
84.20,19.52255,986.40,-18.66667,83.66, -,9.140412
84.25,16.73341,986.50,-18.66667,83.66, -,9.140412
84.30,16.73341,986.50,-16,83.66, -,9.140412
84.35,16.73341,986.50,-16,83.66, -,9.140412
84.40,13.9445,986.60,-16,83.66, -,9.140412
84.45,11.15412,986.70,-18.66667,83.66, -,9.140412
84.50,8.365668,986.80,-21.33333,83.66, -,9.140412
84.55,5.575743,986.90,-24,83.66, -,9.140412
84.60,2.787748,987.00,-24,83.66, -,9.140412
84.65,-1.801362E-05,987.10,-24,83.66, -,9.140412
84.70,-1.801362E-05,987.10,-24,83.66, -,9.140412
84.75,-2.789257,987.20,-26.66667,83.66, -,9.140412
84.80,-2.789257,987.20,-26.66667,83.66, -,9.140412
84.85,-2.789257,987.20,-26.66667,83.66, -,9.140412
84.90,-2.789257,987.20,-24,83.66, -,9.140412
84.95,-5.576566,987.30,-26.66667,83.66, -,9.140412
85.00,-8.365348,987.40,-26.66667,83.66, -,9.140412
85.05,-5.576566,987.30,-24,83.66, -,9.140412
85.10,-5.576566,987.30,-24,83.66, -,9.140412
85.15,-5.576566,987.30,-24,83.66, -,9.140412
85.20,-5.576566,987.30,-24,83.66, -,9.140412
85.25,-5.576566,987.30,-24,83.66, -,9.140412
85.30,-5.576566,987.30,-21.33333,83.66, -,9.140412
85.35,-5.576566,987.30,-21.33333,83.66, -,9.140412
85.40,-5.576566,987.30,-21.33333,83.66, -,9.140412
85.45,-5.576566,987.30,-18.66667,83.66, -,9.140412
85.50,-8.365348,987.40,-18.66667,83.66, -,9.140412
85.55,-8.365348,987.40,-16,83.66, -,9.140412
85.60,-11.1522,987.50,-16,83.66, -,9.140412
85.65,-11.1522,987.50,-13.33333,83.66, -,9.140412
85.70,-11.1522,987.50,-10.66667,83.66, -,9.140412
85.75,-16.72692,987.70,-15.95238,83.66, -,9.140412
85.80,-19.51308,987.80,-15.95238,83.66, -,9.140412
85.85,-22.30072,987.90,-18.61905,83.66, -,9.140412
85.90,-27.87191,988.10,-23.90476,83.66, -,9.140412
85.95,-30.65887,988.20,-26.57143,83.66, -,9.140412
86.00,-33.44389,988.30,-26.57143,83.66, -,9.140412
86.05,-33.44389,988.30,-23.90476,83.66, -,9.140412
86.10,-36.23039,988.40,-29.23809,83.66, -,9.140412
86.15,-36.23039,988.40,-29.23809,83.66, -,9.140412
86.20,-36.23039,988.40,-29.23809,83.66, -,9.140412
86.25,-39.01496,988.50,-31.90476,83.66, -,9.140412
86.30,-39.01496,988.50,-31.90476,83.66, -,9.140412
86.35,-39.01496,988.50,-31.90476,83.66, -,9.140412
86.40,-39.01496,988.50,-31.90476,83.66, -,9.140412
86.45,-39.01496,988.50,-31.90476,83.66, -,9.140412
86.50,-36.23039,988.40,-29.23809,83.66, -,9.140412
86.55,-36.23039,988.40,-26.57143,83.66, -,9.140412
86.60,-33.44389,988.30,-23.90476,83.66, -,9.140412
86.65,-33.44389,988.30,-21.23809,83.66, -,9.140412
86.70,-33.44389,988.30,-21.23809,83.66, -,9.140412
86.75,-36.23039,988.40,-23.90476,83.66, -,9.140412
86.80,-39.01496,988.50,-21.28572,83.66, -,9.140412
86.85,-41.7993,988.60,-21.28572,83.66, -,9.140412
86.90,-41.7993,988.60,-18.61905,83.66, -,9.140412
86.95,-41.7993,988.60,-13.33333,83.66, -,9.140412
87.00,-44.58511,988.70,-13.33333,83.66, -,9.140412
87.05,-44.58511,988.70,-10.66667,83.66, -,9.140412
87.10,-44.58511,988.70,-10.66667,83.66, -,9.140412
87.15,-44.58511,988.70,-8,83.66, -,9.140412
87.20,-47.36899,988.80,-10.66667,83.66, -,9.140412
87.25,-50.15435,988.90,-13.33333,83.66, -,9.140412
87.30,-52.93778,989.00,-13.33333,83.66, -,9.140412
87.35,-52.93778,989.00,-13.33333,83.66, -,9.140412
87.40,-52.93778,989.00,-13.33333,83.66, -,9.140412
87.45,-50.15435,988.90,-10.66667,83.66, -,9.140412
87.50,-52.93778,989.00,-13.33333,83.66, -,9.15986
87.55,-50.15435,988.90,-13.33333,83.66, -,9.15986
87.60,-52.93778,989.00,-16,83.66, -,9.15986
87.65,-52.93778,989.00,-18.66667,83.66, -,9.15986
87.70,-52.93778,989.00,-18.66667,83.66, -,9.15986
87.75,-52.93778,989.00,-18.66667,83.66, -,9.15986
87.80,-52.93778,989.00,-16,83.66, -,9.15986
87.85,-52.93778,989.00,-13.33333,83.66, -,9.15986
87.90,-50.15435,988.90,-8,83.66, -,9.15986
87.95,-52.93778,989.00,-10.66667,83.66, -,9.15986
88.00,-52.93778,989.00,-10.66667,83.66, -,9.15986
88.05,-52.93778,989.00,-8,83.66, -,9.15986
88.10,-52.93778,989.00,-8,83.66, -,9.15986
88.15,-52.93778,989.00,-8,83.66, -,9.15986
88.20,-52.93778,989.00,-8,83.66, -,9.15986
88.25,-52.93778,989.00,-5.333333,83.66, -,9.15986
88.30,-50.15435,988.90,0,83.66, -,9.15986
88.35,-52.93778,989.00,0,83.66, -,9.15986
88.40,-52.93778,989.00,0,83.66, -,9.15986
88.45,-52.93778,989.00,0,83.66, -,9.15986
88.50,-52.93778,989.00,-2.666667,83.66, -,9.15986
88.55,-52.93778,989.00,0,83.66, -,9.15986
88.60,-52.93778,989.00,-2.666667,83.66, -,9.15986
88.65,-52.93778,989.00,0,83.66, -,9.15986
88.70,-50.15435,988.90,2.666667,83.66, -,9.15986
88.75,-52.93778,989.00,0,83.66, -,9.15986
88.80,-52.93778,989.00,0,83.66, -,9.15986
88.85,-50.15435,988.90,2.666667,83.66, -,9.15986
88.90,-52.93778,989.00,0,83.66, -,9.15986
88.95,-52.93778,989.00,-2.666667,83.66, -,9.15986
89.00,-52.93778,989.00,0,83.66, -,9.15986
89.05,-52.93778,989.00,0,83.66, -,9.15986
89.10,-52.93778,989.00,0,83.66, -,9.15986
89.15,-52.93778,989.00,0,83.66, -,9.15986
89.20,-52.93778,989.00,0,83.66, -,9.15986
89.25,-52.93778,989.00,0,83.66, -,9.15986
89.30,-50.15435,988.90,2.666667,83.66, -,9.15986
89.35,-52.93778,989.00,-2.666667,83.66, -,9.15986
89.40,-52.93778,989.00,0,83.66, -,9.15986
89.45,-52.93778,989.00,0,83.66, -,9.15986
89.50,-52.93778,989.00,0, -
89.55,-52.93778,989.00,0, -
89.60,-52.93778,989.00,0, -
89.65,-50.15435,988.90,2.666667, -
89.70,-52.93778,989.00,0, -
89.75,-52.93778,989.00,-2.666667, -
89.80,-52.93778,989.00,0, -
89.85,-52.93778,989.00,0, -
89.90,-50.15435,988.90,0, -
89.95,-52.93778,989.00,0, -
90.00,-52.93778,989.00,0, -
90.05,-52.93778,989.00,0, -
90.10,-52.93778,989.00,0, -
90.15,-52.93778,989.00,0, -
90.20,-52.93778,989.00,0, -
90.25,-52.93778,989.00,0, -
